video_id,title,published_at,view_count,like_count,category_id,is_music,member_id,member_name,generation,unit
hcxZQzbEj7o,답장 아직일까💦❓아저씨 구문😁❗️ #스텔라이브 #おじさん構文 #아저씨구문,2025-07-14,309202,6686,10,True,ayatsuno_yuni,아야츠노 유니,1,Everys
_iNHQuaKuig,연애 서큘레이션 (恋愛サーキュレーション) - 아야츠노 유니 Cover,2025-05-20,593185,13360,10,True,ayatsuno_yuni,아야츠노 유니,1,Everys
RddMaUtzPr8,"아야츠노 유니 1st Solo Concert ""Christmas On The Merry Go Round"" 【유니3D / #YUNICON】",2024-12-21,220346,6581,10,True,ayatsuno_yuni,아야츠노 유니,1,Everys
3EPEqL_ap-M,【아야츠노 유니 X 네네코 마시로】 해피 신디사이저 (ハッピーシンセサイザ) | Cover,2024-12-06,855986,10927,10,True,ayatsuno_yuni,아야츠노 유니,1,Everys
QDIdN_eBvl0,【아야츠노 유니 X 아이리 칸나】 점묘의 노래 (点描の唄) | Cover,2024-12-01,2536083,26335,10,True,ayatsuno_yuni,아야츠노 유니,1,Everys
k-HuCtuKjJg,유니의 SUPERPOWER #아야츠노유니 #AyatsunoYuni #SUPERPOWER ##VALORANT #발로란트 #발로란트챔피언스서울 #발로란트  #cover #스텔라이브,2024-08-13,51916,2217,10,True,ayatsuno_yuni,아야츠노 유니,1,Everys
CGYa8wsbii4,SUPERPOWER (2024 발로란트 챔피언스 테마곡)ㅣ아야츠노 유니 Arrange cover,2024-08-11,207213,4459,10,True,ayatsuno_yuni,아야츠노 유니,1,Everys
R_RAWjqdgTs,아야츠노 유니 ( Ayatsuno Yuni ) | ‘SUPADOPA’ Music Video,2024-06-19,5716343,82163,10,True,ayatsuno_yuni,아야츠노 유니,1,Everys
pU6EL5Purlc,아야츠노 유니 | ‘SUPADOPA’ Teaser,2024-06-17,153600,4143,10,True,ayatsuno_yuni,아야츠노 유니,1,Everys
1QBHHcbv9TU,【 3D LIVE 】 2024 생일 기념 3D LIVE🎤 | Ayatsuno Yuni Birthday 3D LIVE 【스텔라이브 / #유니3D】,2024-05-21,254398,6380,10,True,ayatsuno_yuni,아야츠노 유니,1,Everys
a6imWKGILZA,【아야츠노 유니】 두근어질 (큐 큐라링) | Cover,2024-04-16,578297,8047,10,True,ayatsuno_yuni,아야츠노 유니,1,Everys
UcFBb927-kU,ray - 초(超) 카구야 공주! Ver. / BUMP OF CHICKEN | 시라유키 히나 x 아카네 리제 Cover,2026-03-17,570046,19305,10,True,shirayuki_hina,시라유키 히나,2,Universe
OkWqbJ-T9N4,네...? #cartoon #comic #vtuber #shorts,2026-03-13,303271,8030,10,True,shirayuki_hina,시라유키 히나,2,Universe
C3MVk66BUps,세계는 사랑에 빠져있어💌 / 시라유키 히나 3D Live Cover #honeyworks #世界は恋に落ちている #vtuber #shorts,2026-03-09,74688,4105,10,True,shirayuki_hina,시라유키 히나,2,Universe
L4ZnVIEfS04,치매는 인정이지... #cartoon #comic #vtuber #shorts,2026-03-03,351665,13257,10,True,shirayuki_hina,시라유키 히나,2,Universe
48SWxElceE4,히나는 실망했다 #vtuber #shorts,2026-02-23,147044,3837,10,True,shirayuki_hina,시라유키 히나,2,Universe
aGj_zu0rFv0,녹황색사회 - Mela! / 시라유키 히나 3D Live Cover #mela #緑黄色社会 #vtuber #shorts,2026-02-20,116052,4307,10,True,shirayuki_hina,시라유키 히나,2,Universe
xkJYS-0nkl4,나 멘헤라 올 것 같아.........,2026-02-18,350992,10641,10,True,shirayuki_hina,시라유키 히나,2,Universe
wn3TODSLWO0,히나와 이 지금!🎀 / 시라유키 히나 3D Live Cover #IU #이지금 #vtuber #shorts,2026-02-17,144000,5449,10,True,shirayuki_hina,시라유키 히나,2,Universe
NAu_CVmP-bw,바다의 유령 (海の幽霊) - Kenshi Yonezu | 시라유키 히나 Cover,2026-02-16,364113,11123,10,True,shirayuki_hina,시라유키 히나,2,Universe
LOD3cnxgoZ0,[4K] Mela! - 녹황색사회 (緑黄色社会) | 시라유키 히나 3D Live Cover,2026-02-15,161631,5004,10,True,shirayuki_hina,시라유키 히나,2,Universe
5XCNPiOq26M,히나한테 팬서비스 받을 사람!!!!!!!!😋 / 시라유키 히나 3D Live Cover #ファンサ #HoneyWorks #vtuber #shorts,2026-02-14,95991,5397,10,True,shirayuki_hina,시라유키 히나,2,Universe
2Wr4WCH1leY,[4K] 세계는 사랑에 빠져있어 (世界は恋に落ちている) | 시라유키 히나 3D Live Cover,2026-02-10,86130,3696,10,True,shirayuki_hina,시라유키 히나,2,Universe
X5FVn2gCvQ0,[4K] IU - 이 지금 (dlwlrma) | 시라유키 히나 3D Live Cover,2026-02-06,97016,3223,10,True,shirayuki_hina,시라유키 히나,2,Universe
5U-ZqZ8VJqI,일본 오사카 덴노지 동물원에 사는 말레이곰 마즈 #cartoon #comic #vtuber #shorts,2026-02-06,329707,7783,10,True,shirayuki_hina,시라유키 히나,2,Universe
7idkUwtf-0I,계절범죄 - Miiro(미로) | 시라유키 히나 Cover,2026-01-31,700432,15769,10,True,shirayuki_hina,시라유키 히나,2,Universe
_4Pv7kBbT-4,[4K] 팬서비스 (ファンサ / HoneyWorks) | 시라유키 히나 3D Live Cover,2026-01-29,136874,4980,10,True,shirayuki_hina,시라유키 히나,2,Universe
fn3vwrrjVUc,3D 콘서트에서 그저 가렌춤을 춘 청년. #Melt #メルト #vtuber #shorts,2026-01-29,538452,13340,10,True,shirayuki_hina,시라유키 히나,2,Universe
ro_yApdZNcg,앨리스 인 냉동고🧊 / 시라유키 히나 3D Live Cover #alicein冷凍庫 #orangestar #vtuber #shorts,2026-01-28,146690,5308,10,True,shirayuki_hina,시라유키 히나,2,Universe
bohC14KnON0,[4K] 앨리스 인 냉동고 (Alice in 冷凍庫) / 시라유키 히나 3D Live Cover,2026-01-27,226614,5574,10,True,shirayuki_hina,시라유키 히나,2,Universe
cVQiOoq9R3U,누가 과일을 구워 먹어요 #cartoon #comic #vtuber #shorts,2026-01-22,362702,9096,10,True,shirayuki_hina,시라유키 히나,2,Universe
89DJ89v6luw,숨겨?왔던? 사장님의 진심 #vtuber #shorts,2026-01-19,119292,3480,10,True,shirayuki_hina,시라유키 히나,2,Universe
Md_betPuYcI,나도 산타복 볼래 #cartoon #comic #vtuber #shorts,2026-01-18,335224,10488,10,True,shirayuki_hina,시라유키 히나,2,Universe
c6JymG9AAyI,[4K] STELLIVE 시라유키 히나 생일 3D🍰 | 히나의 방 소개 + 미니 콘서트🎤,2026-01-12,75473,4016,10,True,shirayuki_hina,시라유키 히나,2,Universe
WykYeuqGxh8,Melt (メルト/supercell ) | 시라유키 히나 Cover,2026-01-05,617886,12996,10,True,shirayuki_hina,시라유키 히나,2,Universe
YorjOBy85ck,크리스마스 송(クリスマスソング) | 시라유키 히나 Cover,2025-12-25,306185,9643,10,True,shirayuki_hina,시라유키 히나,2,Universe
miUNr6-p1No,"""Aim monster"" #vtuber #shorts",2025-12-14,341647,8020,10,True,shirayuki_hina,시라유키 히나,2,Universe
4f_RL_wT4V4,무친 피지컬 무빙 #vtuber #shorts,2025-12-13,244411,4997,10,True,shirayuki_hina,시라유키 히나,2,Universe
8AheuZqtqo0,매순간이 레전드 매드무비 #vtuber #shorts,2025-12-12,180952,4712,10,True,shirayuki_hina,시라유키 히나,2,Universe
8NxR61pZYCw,"""진짜 재능"" #vtuber #shorts",2025-12-12,281075,6851,10,True,shirayuki_hina,시라유키 히나,2,Universe
wSfZ5OJ__Lo,얼렁뚱땅 문도의 하루 #vtuber #shorts,2025-12-11,226738,5736,10,True,shirayuki_hina,시라유키 히나,2,Universe
tY7Rj_LtAfY,"료이키텐카이 ""문아일체"" #vtuber #shorts",2025-12-11,275118,6392,10,True,shirayuki_hina,시라유키 히나,2,Universe
uZApIwZQUEw,오케이. #vtuber #shorts,2025-12-10,106083,3668,10,True,shirayuki_hina,시라유키 히나,2,Universe
hxWXzrCG_ms,✨히나랑 오붓하게!✨ (오 샹젤리제 / Joe Dassin - Les Champs Élysées) animation #meme #comic #vtuber #shorts,2025-12-10,206105,8036,10,True,shirayuki_hina,시라유키 히나,2,Universe
6RKyMwilHJ0,『명조:워더링 웨이브』선약 방송국 EP 2.8 '치사' OST x 시라유키 히나 ── ｢개화」,2025-12-07,246734,6483,10,True,shirayuki_hina,시라유키 히나,2,Universe
HbD7rLxrL8Q,여우 괴롭히는 법 알려드립니다 #cartoon #comic #vtuber #shorts,2025-12-03,538103,16409,10,True,shirayuki_hina,시라유키 히나,2,Universe
HmIIC3XweQw,내가 이상한 것 좀 그만 보랬잖아... #cartoon #comic #vtuber #shorts,2025-11-30,277184,9283,10,True,shirayuki_hina,시라유키 히나,2,Universe
fyoOXpx3Cf0,🎃히나와 Fancy dress party!🎃 #仮装狂騒曲 #meme #comic #vtuber #shorts,2025-11-27,83774,4541,10,True,shirayuki_hina,시라유키 히나,2,Universe
CX-uXwB4v6s,아무래도 그냥 죽으려고요 #cartoon #comic #vtuber #shorts,2025-11-25,777630,19490,10,True,shirayuki_hina,시라유키 히나,2,Universe
9kvoxFiYmWU,"깜빡임 (瞬き, back number) arrange ver. | 시라유키 히나 Cover",2025-11-21,785029,11354,10,True,shirayuki_hina,시라유키 히나,2,Universe
E5m5-WsqvBY,너희들... 벗고 싶었구나? #cartoon #comic #vtuber #shorts,2025-11-18,491872,15881,10,True,shirayuki_hina,시라유키 히나,2,Universe
gMHl37I1c88,사장이 직접 하는 다음 신의상 스?포 #vtuber #shorts,2025-11-14,271432,6417,10,True,shirayuki_hina,시라유키 히나,2,Universe
YYtUzr1Y9lM,화났을 때 올바른 대처법 #vtuber #shorts,2025-11-12,116075,3658,10,True,shirayuki_hina,시라유키 히나,2,Universe
eODDkAQKGaI,운동할 때 나는 소리 #vtuber #shorts,2025-11-10,331752,7125,10,True,shirayuki_hina,시라유키 히나,2,Universe
NgaWXrxvyj8,에휴 그냥 죽어야겠다... #cartoon #comic #vtuber #shorts,2025-11-08,1019666,23159,10,True,shirayuki_hina,시라유키 히나,2,Universe
1BX2KQ5GfTU,누구 머리가 더 클까 #cartoon #comic #vtuber #shorts,2025-11-07,265832,7914,10,True,shirayuki_hina,시라유키 히나,2,Universe
9JZ9iKYHTpI,스텔라이브 멤버 레전드 성대모사 #vtuber #shorts,2025-11-06,451426,20660,10,True,shirayuki_hina,시라유키 히나,2,Universe
fWaY2yL4JTc,"포켓몬 ZA '그' 메가 아쿠스타 반응,,, #vtuber #shorts",2025-11-05,116997,3234,10,True,shirayuki_hina,시라유키 히나,2,Universe
P2oxClbG4X4,히나의 PPPP 예뻐예뻐? #pppp #meme #comic #vtuber #shorts,2025-11-04,1100281,24211,10,True,shirayuki_hina,시라유키 히나,2,Universe
VpTKHX12aZE,[4K] 금요일의 아침인사(金曜日のおはよう)ㅣ시라유키 히나(Shirayuki Hina) Live Clip,2025-11-03,255711,4985,10,True,shirayuki_hina,시라유키 히나,2,Universe
gz6R845UUNk,"💘체인소맨: 레제편 OST💘 | JANE DOE (Kenshi Yonezu, Hikaru Utada) #cover #vtuber #shorts",2025-10-28,86387,4533,10,True,shirayuki_hina,시라유키 히나,2,Universe
EIii4EXsfsU,"JANE DOE (Kenshi Yonezu, Hikaru Utada) | 시라유키 히나 x 아오쿠모 린 Cover",2025-10-27,1408261,22752,10,True,shirayuki_hina,시라유키 히나,2,Universe
_sY6HptFKaA,강지는 너무 차갑다... #cartoon #comic #vtuber #shorts,2025-10-17,370285,10169,10,True,shirayuki_hina,시라유키 히나,2,Universe
r9beTs4ByNM,이런 나라서 미안해... #cartoon #comic #vtuber #shorts,2025-10-04,208354,7090,10,True,shirayuki_hina,시라유키 히나,2,Universe
Am36NHSuCWQ,사랑해줘 사랑해줘 사랑해줘 (愛して愛して愛して) | 시라유키 히나 Cover,2025-09-28,748822,14074,10,True,shirayuki_hina,시라유키 히나,2,Universe
1WLy2O79aeM,해둥아 나 좀 도와줘!!!!😑 #だれかぬいてくれ #meme #comic #vtuber #shorts,2025-09-26,1165965,26094,10,True,shirayuki_hina,시라유키 히나,2,Universe
2477fJy2mBc,동그라미를 따라 손가락을 움직여 보세요! #meme #comic #vtuber #shorts,2025-09-23,624581,11836,10,True,shirayuki_hina,시라유키 히나,2,Universe
IPoQLdiniQ4,벌목장은 벌을 키우는 목장 #cartoon #comic #vtuber #shorts,2025-09-22,296539,6296,10,True,shirayuki_hina,시라유키 히나,2,Universe
ukKzRABYeTE,악마의 아이 (悪魔の子) / Attack on Titan Final Season Part 2 ED 진격의 거인 4기 2쿨 ED #akumanoko #vtuber #shorts,2025-09-19,46525,2813,10,True,shirayuki_hina,시라유키 히나,2,Universe
B5tz8rOMPlU,악마의 아이 (悪魔の子) | 시라유키 히나 Cover,2025-09-18,1174066,14774,10,True,shirayuki_hina,시라유키 히나,2,Universe
m0Db3CAxzsE,YOASOBI - 군청(群青) | 시라유키 히나 Cover,2025-08-27,736020,11510,10,True,shirayuki_hina,시라유키 히나,2,Universe
WKY-KFCvm-A,Summertime (cinnamons × evening cinema) | 시라유키 히나(Shirayuki Hina) x 하나코 나나(Hanako Nana) Cover,2025-07-30,1205679,15213,10,True,shirayuki_hina,시라유키 히나,2,Universe
fAgAE9JmnOs,LADY - KenshiYonezu(米津玄師) | 시라유키 히나 Cover,2025-06-30,1328040,13693,10,True,shirayuki_hina,시라유키 히나,2,Universe
xLMq8mhxeOM,스텔라이브가 다함께 목욕탕에 갔는데...? #cartoon #comic #vtuber #shorts,2025-06-13,467704,11973,10,True,shirayuki_hina,시라유키 히나,2,Universe
WXVKnntJSrY,"𝐏𝐥𝐚𝐲𝐥𝐢𝐬𝐭🌙 | 여름밤, 감성을 자극하는 시라유키 히나 노래 [Part.1🎧]",2025-06-10,1009252,20517,10,True,shirayuki_hina,시라유키 히나,2,Universe
YVplo9mgtcs,Lonely Universe(ロンリーユニバース) | 시라유키 히나(Shirayuki Hina) x 아오쿠모 린(Aokumo Rin) Cover,2025-05-23,784521,11759,10,True,shirayuki_hina,시라유키 히나,2,Universe
lphHTvCE1Fw,스텔라이브 2기생의 신의상 바꿔 입기✨ #meme #comic #vtuber #shorts,2025-05-02,317096,9935,10,True,shirayuki_hina,시라유키 히나,2,Universe
Vnq2gVX-T1U,히나와 함께하는 봄빛 데이트🌸 #히나 #스텔라이브 #봄빛데이트 #vtuber,2025-05-02,73827,3518,10,True,shirayuki_hina,시라유키 히나,2,Universe
9fLWZtdoEYs,호날두 드리블 아닙니다. #金曜日のおはよう #vtuber #shorts,2025-04-29,575314,13947,10,True,shirayuki_hina,시라유키 히나,2,Universe
DzSb5b8ehdg,「Orange(オレンジ) / 4월은 너의 거짓말 ED」| 시라유키 히나 Cover,2025-04-27,1442695,15383,10,True,shirayuki_hina,시라유키 히나,2,Universe
00pp5w9_Cr0,시라유키 히나 - 꿈의 신호(Dream Signal)💭 Official Video,2025-04-23,280872,7240,10,True,shirayuki_hina,시라유키 히나,2,Universe
dXbCNM8nLR8,[4K] 하나(夏拏)ㅣ시라유키 히나(Shirayuki Hina) Live Clip,2025-04-21,134187,2815,10,True,shirayuki_hina,시라유키 히나,2,Universe
L1haw5kPB7Q,만찬가『晩餐歌』 | 시라유키 히나 Cover,2025-01-05,2265606,21023,10,True,shirayuki_hina,시라유키 히나,2,Universe
DMk4_4Xytz4,✧Alice in Musicland✧ | StelLive Cover,2024-11-24,1811817,30356,10,True,shirayuki_hina,시라유키 히나,2,Universe
9hLbsRU2neM,하루카「ハルカ」 | 시라유키 히나 Cover,2024-11-16,901638,8873,10,True,shirayuki_hina,시라유키 히나,2,Universe
D938bjFYmII,새벽과 반딧불이(夜明けと蛍) | 시라유키 히나 Cover,2024-10-26,1641242,13809,10,True,shirayuki_hina,시라유키 히나,2,Universe
mBwkHGVa8-4,🎀Shirayuki Hina | ‘하나(夏拏)’🎀 #vtuber #shorts #song,2024-09-12,68656,5847,10,True,shirayuki_hina,시라유키 히나,2,Universe
rQaluJS-Tc0,시라유키 히나(Shirayuki Hina) | ‘하나(夏拏)’,2024-09-11,893005,16751,10,True,shirayuki_hina,시라유키 히나,2,Universe
Ril-PFHlfoM,난... 왜 이렇게 머리가 좋은 거야!!,2024-07-15,56879,1620,10,True,shirayuki_hina,시라유키 히나,2,Universe
LyztonsxiN8,스텔라이브 포켓몬 최강자(8층 컷),2024-07-13,165930,2874,10,True,shirayuki_hina,시라유키 히나,2,Universe
uS-yCabcyZ0,극한 직업 스텔라이브 매니저,2024-07-10,320209,5695,10,True,shirayuki_hina,시라유키 히나,2,Universe
WW3RO6wn1Tk,1년차 아이돌의 첫 눈물,2024-07-09,125976,3421,10,True,shirayuki_hina,시라유키 히나,2,Universe
x6qjBIkzqbk,나나 님 저 영어 잘하죠?,2024-07-07,111908,2507,10,True,shirayuki_hina,시라유키 히나,2,Universe
L30es4bG2bU,히나는 INFP야! #vtuber #shorts,2024-07-01,142551,8572,10,True,shirayuki_hina,시라유키 히나,2,Universe
q5KxUIeTI9k,갱생한 마크아줌마,2024-06-30,368879,4742,10,True,shirayuki_hina,시라유키 히나,2,Universe
RGrSmTKmBA4,I Really Want to Stay At Your House (Arrange ver.) | 시라유키 히나 Cover,2024-06-29,3949053,40832,10,True,shirayuki_hina,시라유키 히나,2,Universe
VhBXWT6Oqto,17살의 노래(17さいのうた。) / 시라유키 히나 Cover,2024-06-10,2298321,15681,10,True,shirayuki_hina,시라유키 히나,2,Universe
Tmjy9uLbMFc,봄을 기다리다(春を待つ) / 시라유키 히나 Cover,2024-05-10,1832643,11559,10,True,shirayuki_hina,시라유키 히나,2,Universe
xRkZVxvk55U,"Sweet Dreams, My Dear(Lost Ark) / 시라유키 히나 Cover",2024-03-15,2489759,16595,10,True,shirayuki_hina,시라유키 히나,2,Universe
VELEqvE1jF8,히나의 리즈시절2 #vtuber #shorts,2024-02-12,1646296,81900,10,True,shirayuki_hina,시라유키 히나,2,Universe
_-uHa5KiR90,피날레(フィナーレ。) / 시라유키 히나 Cover,2024-02-11,4327019,28616,10,True,shirayuki_hina,시라유키 히나,2,Universe
U9gGhoJNppY,최악의 급식 메뉴 고르기,2025-06-11,72258,2205,10,True,neneko_mashiro,네네코 마시로,2,Universe
bW_htBZ_emA,병명 상사병(病名恋ワズライ)ㅣ네네코 마시로 Cover,2025-06-10,410428,6151,10,True,neneko_mashiro,네네코 마시로,2,Universe
NFsrT3A8lB4,이상한 누나가 있는 수영장,2024-11-16,77621,2686,10,True,neneko_mashiro,네네코 마시로,2,Universe
bpjpKwx4w7Y,이븐 하게 잘 익은 야끼 시로 #shorts #네네코마시로 #스텔라이브,2024-11-14,52597,3262,10,True,neneko_mashiro,네네코 마시로,2,Universe
itlQUFU8vYE,헛다리 짚기 에헷⭐️,2024-11-12,90723,2577,10,True,neneko_mashiro,네네코 마시로,2,Universe
QhxBeWXguBk,마리오 너무 어려우우ㅜㅠ,2024-11-11,54619,1886,10,True,neneko_mashiro,네네코 마시로,2,Universe
3jMeKVurGFg,"치료가 필요할 정도의 심각한 ""가챠중독"" 입니다.",2024-11-02,47638,1560,10,True,neneko_mashiro,네네코 마시로,2,Universe
uGKs81f_uhs,레전드 부실공사 ㅋㅋㅋㅋㅋㅋㅋ,2024-10-30,184114,3737,10,True,neneko_mashiro,네네코 마시로,2,Universe
OuoJY41FSCA,시로가 생각하는 마로 #shorts #네네코마시로 #스텔라이브,2024-10-29,51887,2840,10,True,neneko_mashiro,네네코 마시로,2,Universe
31yyKBR5QQE,멤버들이 불러주는 '봄꿈',2024-10-28,90127,2865,10,True,neneko_mashiro,네네코 마시로,2,Universe
9KWzavS1o4U,그녀의 선택은..!?,2024-10-26,35303,1447,10,True,neneko_mashiro,네네코 마시로,2,Universe
3z5qAsf-c08,☁️ 자기전에 듣기 좋은 마시로의 𝐌𝐈𝐍𝐆𝐏𝐋𝐀𝐘𝐋𝐈𝐒𝐓 ☁️,2024-10-25,741979,14806,10,True,neneko_mashiro,네네코 마시로,2,Universe
QYcrC7icyNk,매일 밤 아이들이 사라지는 수상한 집,2024-10-23,65604,1803,10,True,neneko_mashiro,네네코 마시로,2,Universe
kRItTNmSDOg,몬스터가 쓰러지지 않아 #네네코마시로 #스텔라이브 #shorts,2024-10-22,59804,3099,10,True,neneko_mashiro,네네코 마시로,2,Universe
PpH8lk1PdNs,뽀뽀하고 시작할까요..? ❤️,2024-10-21,47913,1855,10,True,neneko_mashiro,네네코 마시로,2,Universe
rKQrjt642qc,그냥 때려쳐 아이작!! #네네코마시로 #스텔라이브 #shorts,2024-10-20,54771,3079,10,True,neneko_mashiro,네네코 마시로,2,Universe
Xq3_VTZ49Lw,때지 교미,2024-10-19,37943,1602,10,True,neneko_mashiro,네네코 마시로,2,Universe
y798J8qj_rw,동물원에 갔는데...,2024-10-17,69640,2103,10,True,neneko_mashiro,네네코 마시로,2,Universe
h_J3oSdIVu0,봄꿈 _ Neneko mashiro #마시로 #네네코마시로 #스텔라이브 #vtuber  #왈츠,2024-10-17,66834,6538,10,True,neneko_mashiro,네네코 마시로,2,Universe
_8uoathMY0A,네네코 마시로(Neneko Mashiro) | ‘봄꿈’,2024-10-16,1221959,23381,10,True,neneko_mashiro,네네코 마시로,2,Universe
xXUA_kSAp0A,네네코 마시로(Neneko Mashiro) | ‘봄꿈’ Teaser,2024-10-15,101658,2842,10,True,neneko_mashiro,네네코 마시로,2,Universe
Kg9roXCHimQ,개막장 일처다부제 교미녀 [ 심즈4 ],2024-08-21,42721,1787,10,True,neneko_mashiro,네네코 마시로,2,Universe
56lQtisa_j8,냥아치가 돈 뜯는 현장 [ 멋봉리 핫클립 ],2024-08-19,63444,2113,10,True,neneko_mashiro,네네코 마시로,2,Universe
R54GOhMzZks,교미!!!! #마시로 #vtuber #스텔라이브 #심즈4,2024-08-19,114621,4853,10,True,neneko_mashiro,네네코 마시로,2,Universe
72Dy-OxlQUI,애벌레 자랑하기 [ 멋봉리 ],2024-08-14,62516,2007,10,True,neneko_mashiro,네네코 마시로,2,Universe
CAvNZSYNqWM,나는 강지다. [ 멋봉리 ],2024-08-12,60125,1915,10,True,neneko_mashiro,네네코 마시로,2,Universe
29I9Gx_ofYA,나가.  [ 갈틱폰 ],2024-08-08,131247,2825,10,True,neneko_mashiro,네네코 마시로,2,Universe
QkIAJ4svyjI,큰가슴의 진실..,2024-08-06,62108,2763,10,True,neneko_mashiro,네네코 마시로,2,Universe
c4FtwPlU7qM,시청자분들 호구조사 하기 [ 컨텐츠 ],2024-08-03,118111,3252,10,True,neneko_mashiro,네네코 마시로,2,Universe
pTzhlO2kSm8,당당하게 말하께!!!! #마시로 #vtuber #스텔라이브,2024-07-31,312861,13551,10,True,neneko_mashiro,네네코 마시로,2,Universe
xM3Q_o_dU7o,일본 마을에서 이상현상 찾기 [ 공포게임 ],2024-07-31,61935,2170,10,True,neneko_mashiro,네네코 마시로,2,Universe
kMrkWRbs1W0,머리 위에 하트가 ?! #마시로 #vtuber #네네코마시로 #shorts,2024-07-27,112755,6679,10,True,neneko_mashiro,네네코 마시로,2,Universe
DC3AakqVaX8,문도로 상대 빡치게 하는법 [ 롤 ],2024-07-27,92224,2572,10,True,neneko_mashiro,네네코 마시로,2,Universe
fQr6ZkheFHo,충격적인 패션 [ 배틀그라운드 ],2024-07-24,52487,1805,10,True,neneko_mashiro,네네코 마시로,2,Universe
WQ7WeNfhcIo,게로게로게로,2024-07-20,113132,6761,10,True,neneko_mashiro,네네코 마시로,2,Universe
lpgFp4cjiao,게임할때 카톡 보내는 사람한테 보여주기 좋은영상 #마시로,2024-07-20,199576,8149,10,True,neneko_mashiro,네네코 마시로,2,Universe
AXcu-IAHh2Y,과자 티어 나누기 [ 컨텐츠 ],2024-07-20,227096,4433,10,True,neneko_mashiro,네네코 마시로,2,Universe
iEcI-R0lyn4,3기생을 얻었따!!!!!    [ 마인크래프트 ],2024-07-17,84848,2595,10,True,neneko_mashiro,네네코 마시로,2,Universe
9lQK9HNGnvU,앙 ❤︎      [ 하프소드 ],2024-07-15,74947,2518,10,True,neneko_mashiro,네네코 마시로,2,Universe
QIpu5BGfzMs,탕탕 후루후루 탕탕후루루루 #마시로 #vtuber,2024-07-10,84168,5891,10,True,neneko_mashiro,네네코 마시로,2,Universe
B6B7cnc0Gyg,느엥밍 듀오 [ 배틀그라운드 ],2024-07-10,79501,2609,10,True,neneko_mashiro,네네코 마시로,2,Universe
QcL_mod0KkU,남자화장실의 비밀을 알아버렸다... [ 컨텐츠 ],2024-07-07,145616,4102,10,True,neneko_mashiro,네네코 마시로,2,Universe
DvFUMLxvyvw,댄스 로봇 댄스 (ダンスロボットダンス) / 네네코 마시로 Cover,2024-07-05,620112,6065,10,True,neneko_mashiro,네네코 마시로,2,Universe
LMxLlIn3yn0,좀 그래 ... [ 띵타이쿤 ],2024-03-06,92849,1951,10,True,neneko_mashiro,네네코 마시로,2,Universe
pyTrIbK8afQ,초고텐션 솔랭  [ 롤 ],2024-03-03,102250,2375,10,True,neneko_mashiro,네네코 마시로,2,Universe
momZDKYPBvc,시로야 아저씨랑 까까먹으로 갈까?? #마시로 #스텔라이브 #고양이 #shorts,2024-03-02,389972,18167,10,True,neneko_mashiro,네네코 마시로,2,Universe
852BFGMqo0g,일본풍 공포게임... [ 지사츠 ],2024-02-29,48181,1464,10,True,neneko_mashiro,네네코 마시로,2,Universe
JpUl6kypfFM,이상한 소리 내는 고양이 #마시로 #스텔라이브 #고양이,2024-02-27,95355,5002,10,True,neneko_mashiro,네네코 마시로,2,Universe
KuKfHkY6xA0,"오리지널곡 "" Milky Way "" 후일담!",2024-02-24,41996,1588,10,True,neneko_mashiro,네네코 마시로,2,Universe
n0svrSXBaQg,찾았다...운명의 남자 [ 휴먼 폴 플렛 ],2024-02-19,24408,1100,10,True,neneko_mashiro,네네코 마시로,2,Universe
0nVQggWAzyE,츄 다양성 (ちゅ、多様性 ) / 네네코 마시로 Cover,2024-02-18,898266,7373,10,True,neneko_mashiro,네네코 마시로,2,Universe
66axQApR3rM,우주 비행사의 노래 [うちゅうひこうしのうた] 마시로 cover,2023-12-25,578879,6115,10,True,neneko_mashiro,네네코 마시로,2,Universe
DusEsVap43Y,겠냐 [ 마인크래프트 ],2023-11-15,111892,0,10,True,neneko_mashiro,네네코 마시로,2,Universe
SSS67cjAQcU,귀여워서 미안해 [ 可愛くてごめん ] 마시로 cover  #마시로 #스텔라이브 #vtuber #cover #고양이 #귀여워서_미안해 #可愛くてごめん,2023-11-14,293465,15578,10,True,neneko_mashiro,네네코 마시로,2,Universe
gbqGQj5ZpIQ,자다깨니 야자수 (寝起きヤシの木) 마시로 cover #마시로 #스텔라이브 #vtuber #고양이 #cover #자다깨니_야자수 #寝起きヤシの木,2023-11-13,220219,10317,10,True,neneko_mashiro,네네코 마시로,2,Universe
VJs5TNNxehQ,마시로 粛聖!!ロリ神レクイエム☆ #마시로 #스텔라이브 #vtuber #고양이 #粛聖!!ロリ神レクイエム #로리신 #시구레우이,2023-11-01,128821,5791,10,True,neneko_mashiro,네네코 마시로,2,Universe
pnU-h63twZM,Pale (MIMI) / 네네코 마시로 Cover,2023-10-21,1804029,0,10,True,neneko_mashiro,네네코 마시로,2,Universe
mFph7olJexc,원하는 노래가 없어 아쉬웠던 당신을 위한 거짓말 같은 플레이리스트 #vtuber #shorts #cover,2026-04-01,213947,15503,10,True,akane_lize,아카네 리제,2,Universe
DHG3s8GF1DM,Stellar Stellar - [星街すいせい] ㅣ아카네 리제(Akane Lize) 【COVER】,2026-03-29,344530,17572,10,True,akane_lize,아카네 리제,2,Universe
nuBn3s1snr4,리제와 1000일을 함께해줘서 고맙느뇨❤️ #vtuber #shorts #cover,2026-03-06,268003,17816,10,True,akane_lize,아카네 리제,2,Universe
LOpOiL7S_0I,주름 맞추기 [しわあわせ - Vaundy] ㅣ아카네 리제(Akane Lize) 【COVER】,2026-02-27,432061,13773,10,True,akane_lize,아카네 리제,2,Universe
xoJyxrgvhcE,외노자 정리제 #vtuber #shorts,2026-02-05,110765,5358,10,True,akane_lize,아카네 리제,2,Universe
i9preZ_2qpI,신이 리제를 만들때 #vtuber #shorts,2026-01-03,975425,19209,10,True,akane_lize,아카네 리제,2,Universe
_w6uOIEaAdI,결국 현실에서 만나버린 전설의 두 봇치,2025-12-31,126413,3781,10,True,akane_lize,아카네 리제,2,Universe
v0GQ9vcG4t4,후배들마저 인정한 공주님 말투 #vtuber #shorts,2025-12-30,291058,9618,10,True,akane_lize,아카네 리제,2,Universe
qKkn0QQTVKc,아직 한참 관심이 필요한 700살 멘헤라 친구,2025-12-28,126425,3746,10,True,akane_lize,아카네 리제,2,Universe
DQct26qvQss,그러면 중성화 해야겠네? #vtuber #shorts,2025-12-27,492674,13507,10,True,akane_lize,아카네 리제,2,Universe
Vfikrg_wZyQ,크리스마스엔 이렇게 입으면 되겠다 그죠~?💕🎁 #vtuber #shorts,2025-12-25,362745,16331,10,True,akane_lize,아카네 리제,2,Universe
aZRoWqPzlWU,금쪽이도 울고 갈 '리쪽이'의 역대급 분리불안,2025-12-24,109422,3125,10,True,akane_lize,아카네 리제,2,Universe
UgPqnQLmRlU,절대 고의가 아닙니닷!! #vtuber #shorts,2025-12-23,1758683,26886,10,True,akane_lize,아카네 리제,2,Universe
-LV_RlJY5N0,안산 치카라 시절 사장님이 돌아와버렸습니다..,2025-12-21,89004,2747,10,True,akane_lize,아카네 리제,2,Universe
P5gOkowSl28,인생 2회차 고양이의 삶 #vtuber #shorts,2025-12-20,556370,15722,10,True,akane_lize,아카네 리제,2,Universe
rRvumOvx21Y,케세라세라 [Mrs. GREEN APPLE - ケセラセラ] ㅣ아카네 리제(Akane Lize) 【COVER】,2025-12-18,1380916,20271,10,True,akane_lize,아카네 리제,2,Universe
IlsEW5CGn5c,북극곰이 잔혹하게 멸종하는 이유 #vtuber #shorts,2025-12-16,352351,9843,10,True,akane_lize,아카네 리제,2,Universe
rHF76N6pFls,하극상 결국 터져버렸습니다..(?),2025-12-14,66137,2315,10,True,akane_lize,아카네 리제,2,Universe
kta5d6Wq0a0,사장님 꼴리게 생겼대요 #vtuber #shorts,2025-12-13,850022,22261,10,True,akane_lize,아카네 리제,2,Universe
SF7hnS1ofL8,스텔 돌멩이즈 해체 위기 ㄷㄷ,2025-12-12,80711,2609,10,True,akane_lize,아카네 리제,2,Universe
rE2ysuhZcfU,인스타에서 알고리즘탄 무반주 발묘 / 출항(抜錨)｜아카네 리제 COVER #vtuber #cover,2025-12-11,455074,20008,10,True,akane_lize,아카네 리제,2,Universe
BflSSu8CClo,사장님 욕이 타격감 0인 이유,2025-12-10,120306,3310,10,True,akane_lize,아카네 리제,2,Universe
iLFZUNuH3Sg,쥰내 야하게 생겼잖아 #vtuber #shorts,2025-12-09,500883,17930,10,True,akane_lize,아카네 리제,2,Universe
gU-YuQ2CX6Q,드디어 밝혀진 오드아이의 진실?!,2025-12-07,56876,2418,10,True,akane_lize,아카네 리제,2,Universe
kYh-tFmSvfY,이렇게 하는거다 그죠~? #vtuber #shorts,2025-12-06,2017696,45625,10,True,akane_lize,아카네 리제,2,Universe
R_B4tmy2DVA,출항 [抜錨(발묘) / 나나호시 관현악단 ナナホシ管弦楽団] ㅣ아카네 리제(Akane Lize) 【COVER】,2025-12-04,6641878,67682,10,True,akane_lize,아카네 리제,2,Universe
rQjhVghyVxU,에로 용사와 바보 천마 #vtuber #shorts,2025-12-03,324125,10724,10,True,akane_lize,아카네 리제,2,Universe
VvmpfM8IDI4,4기생이 되면 얻을 수 있는 '진짜 특권',2025-11-30,250511,5178,10,True,akane_lize,아카네 리제,2,Universe
q4sYEhZlit0,사장님 나 안 만나 주던데..? #vtuber #shorts,2025-11-29,698495,15050,10,True,akane_lize,아카네 리제,2,Universe
29vDcsH9Qk8,스텔라이브 사장님이 누릴 수 있다는 최고의 복지,2025-11-27,173747,4711,10,True,akane_lize,아카네 리제,2,Universe
-8AcRRIuQ0A,매끈매끈한 돌멩이 #vtuber #shorts,2025-11-26,665866,13530,10,True,akane_lize,아카네 리제,2,Universe
x_zYD6y_Qf0,리제 슈퍼 삐질께😤💕 #vtuber #shorts,2025-11-24,411538,12519,10,True,akane_lize,아카네 리제,2,Universe
tDyeZvIn4aw,신종 미소녀(?) 사기,2025-11-23,95738,3082,10,True,akane_lize,아카네 리제,2,Universe
mql6vqTwz_Q,요즘 핫하다는 새로운 조합 #vtuber #shorts,2025-11-22,531626,14474,10,True,akane_lize,아카네 리제,2,Universe
IqxRbbdnk0c,요즘 주가 떡상 중이라는 커플,2025-11-20,104962,3397,10,True,akane_lize,아카네 리제,2,Universe
wbcLQwjJsHg,예쁜 누나가 포상 준대 #vtuber #shorts,2025-11-19,843816,24207,10,True,akane_lize,아카네 리제,2,Universe
_qorqqcQHgo,리제가 좋아하는 건 뭐ㅓㅓ얼까?💗✨🔍 #vtuber #shorts,2025-11-17,1179132,28318,10,True,akane_lize,아카네 리제,2,Universe
XY5wnzxhFTw,뭔가 많이 잘못된 F식 공감법,2025-11-16,69126,2523,10,True,akane_lize,아카네 리제,2,Universe
bEgwL-XL05U,star walkin' ㅣ아카네리제 (Live cover)  티원 4시드의 엑조디아,2025-11-09,628060,11516,10,True,akane_lize,아카네 리제,2,Universe
7Ml4rLV3CvE,저희 그런 사이 아니에요!! ㅠㅠ #shorts #vtuber,2025-11-08,378047,13478,10,True,akane_lize,아카네 리제,2,Universe
dlE3MaMq3Rw,클라스가 다른 사장님의 선물 ㄷㄷ,2025-11-07,89649,3101,10,True,akane_lize,아카네 리제,2,Universe
85bfbmpbrsA,반전매력 성대모사 ㄷㅐ공개 💕 #shorts #vtuber,2025-11-03,347712,12181,10,True,akane_lize,아카네 리제,2,Universe
qrrEMCALcZ8,동탄룩 처음 입어본 후배의 반응,2025-11-02,129915,3832,10,True,akane_lize,아카네 리제,2,Universe
9foMrb5LUQU,리듬에 맞춰서 손가락을 움직여 보세요!🩸🎃 #shorts #thumbchallenge,2025-10-31,409925,12265,10,True,akane_lize,아카네 리제,2,Universe
dxsiVSbpm8k,[4K] 선잠 (Leina)ㅣ아카네 리제(Akane Lize) Live Cover,2025-10-30,717611,13409,10,True,akane_lize,아카네 리제,2,Universe
f5dHqR8JPf4,슬슬 매운맛 방송에 적응한 시청자들,2025-10-28,103545,4139,10,True,akane_lize,아카네 리제,2,Universe
lpJFbVhDkLA,애교가 잘못 걸리면 생기는 일 #shorts #vtuber,2025-10-27,632884,23332,10,True,akane_lize,아카네 리제,2,Universe
uVe1IxVJ-LE,"한 시청자가 만든 ""전설의"" 작품",2025-10-26,117056,3316,10,True,akane_lize,아카네 리제,2,Universe
1JM_g_yfvS0,내 골반이 멈추지 않는 탓일까? ㅜ.ㅜ #shorts #vtuber,2025-10-24,416509,13937,10,True,akane_lize,아카네 리제,2,Universe
aH8Io8klASU,"JANE DOE (Kenshi Yonezu, Hikaru Utada) ㅣ아카네 리제(Akane Lize) 【COVER】",2025-10-23,992469,21071,10,True,akane_lize,아카네 리제,2,Universe
YvpVxHfhtL8,선배가 진짜로 온 이유? #shorts #vtuber,2025-10-22,298899,10015,10,True,akane_lize,아카네 리제,2,Universe
qK2u7DXm-8I,사내 갈등,2025-10-21,157424,4414,10,True,akane_lize,아카네 리제,2,Universe
6aJpvsaOdDI,놀리고 싶은 사람 특징 #short #vtuber,2025-10-20,544312,14829,10,True,akane_lize,아카네 리제,2,Universe
s2QtkTknFBM,진짜로 찾아온 선배의 요구,2025-10-19,225667,5899,10,True,akane_lize,아카네 리제,2,Universe
O8p_SsnHGhM,[4K] 가면무도회ㅣ아카네 리제(Akane Lize) Live Cover,2025-10-18,292659,6880,10,True,akane_lize,아카네 리제,2,Universe
M_j3cigvvOk,여자친구 위로하는 법 #shorts #vtuber,2025-10-17,591507,24376,10,True,akane_lize,아카네 리제,2,Universe
tTv5_dQhpwc,선 넘은 직장 동료의 애정공세,2025-10-15,138747,3389,10,True,akane_lize,아카네 리제,2,Universe
7JI_doS_dVM,바람 피는거 아니지..? #shorts #vtuber,2025-10-13,377501,13832,10,True,akane_lize,아카네 리제,2,Universe
w5LPnGaMSv4,합숙 중 멤버들에게 처음 보여진 모습,2025-10-12,162794,4963,10,True,akane_lize,아카네 리제,2,Universe
N5m25AKQ7AY,점점 빠져든다 그죠~?  #shorts #vtuber,2025-10-11,193291,8744,10,True,akane_lize,아카네 리제,2,Universe
Nt4xEmf8mLI,남친 자리를 노리는 유니 센빠이,2025-10-09,87934,3052,10,True,akane_lize,아카네 리제,2,Universe
gIrgDFAlQJQ,시청자들 단체 멘붕 온 신의상 공개 현장,2025-10-07,129747,5247,10,True,akane_lize,아카네 리제,2,Universe
sQJmykNdgPw,진짜 정실은 누구? #shorts #vtuber,2025-10-06,753651,19007,10,True,akane_lize,아카네 리제,2,Universe
MenKsdQYHtw,새로 온 스텔 신입생에게 말도 제대로 못 거는 봇치,2025-10-05,103973,3134,10,True,akane_lize,아카네 리제,2,Universe
68qCcg-oif0,결국 숨기지 못한 표정,2025-09-28,113820,3341,10,True,akane_lize,아카네 리제,2,Universe
855Qo9L6LGc,귀여움 터지는 모닝콜⏰💕 #shorts #vtuber,2025-09-21,966911,24377,10,True,akane_lize,아카네 리제,2,Universe
8xnxISzLCmM,"감당 안 되는 동기의 ""진짜 광기""",2025-09-21,234356,4702,10,True,akane_lize,아카네 리제,2,Universe
q2uHl6EJh-k,Surges (Orangestar)ㅣ아카네 리제(Akane Lize) 【COVER】,2025-09-20,2256425,23253,10,True,akane_lize,아카네 리제,2,Universe
n4boMvl9hEc,사장님 허벅지 못 참긴 해 #shorts #vtuber,2025-09-19,683901,20862,10,True,akane_lize,아카네 리제,2,Universe
1P5wMMUE5HM,데뷔 전 사장님이 지적했던 목소리,2025-09-17,293645,6327,10,True,akane_lize,아카네 리제,2,Universe
8gDsaqNwUbo,월드 오브 탱크 (World of Tanks) x 아카네 리제(Akane Lize) - Ready to Fire!,2025-09-15,566264,9980,10,True,akane_lize,아카네 리제,2,Universe
B7qDnj5k_GE,고인물만 안다는 꿀팁 #shorts #vtuber,2025-09-06,285705,9037,10,True,akane_lize,아카네 리제,2,Universe
FgeWcRCdSvQ,2기생은 원래 4명이었대..,2025-09-03,124076,3229,10,True,akane_lize,아카네 리제,2,Universe
mheqQqoQuME,나만 봐줄거지..❤ #shorts #vtuber,2025-09-02,386860,11953,10,True,akane_lize,아카네 리제,2,Universe
AXfEu8_-d-k,シャンティ(SHANTI) [wotaku]ㅣ아카네 리제(Akane Lize) 【COVER】,2025-08-31,728667,12064,10,True,akane_lize,아카네 리제,2,Universe
ejWpfRjS7Hs,고급지게 야하게 생겼잖아 #shorts #vtuber,2025-08-30,1346295,29171,10,True,akane_lize,아카네 리제,2,Universe
Yzt5L8WvJrg,그날 리제의 세상은 무너졌따..,2025-08-28,84282,2415,10,True,akane_lize,아카네 리제,2,Universe
R8G0GJx4_JY,3기생도 알아버린 술찌 전설,2025-08-24,185799,4543,10,True,akane_lize,아카네 리제,2,Universe
9aajyYubdBA,나 천재가 아니였어?! #shorts #vtuber,2025-08-23,362022,9801,10,True,akane_lize,아카네 리제,2,Universe
jhgTcJL6iPQ,여우신 핫걸 만들어주기,2025-08-21,103052,2904,10,True,akane_lize,아카네 리제,2,Universe
zJQRMRNdS-0,현실만남 중에 후배들 앞에서.avi,2025-08-17,217446,5405,10,True,akane_lize,아카네 리제,2,Universe
JKuCWXEX3wg,이벤트 중이에요~✨#shorts #vtuber,2025-08-12,178574,6309,10,True,akane_lize,아카네 리제,2,Universe
SLknITGONTQ,스텔라이브 여직원들이 누릴 수 있는 최고의 복지,2025-08-10,173402,4107,10,True,akane_lize,아카네 리제,2,Universe
hpITPBn_tJs,"사내연애는 금지인데, 결혼은 괜찮은 거였나요!?",2025-08-07,114820,3217,10,True,akane_lize,아카네 리제,2,Universe
_veabVe4DQ0,귀여운 냥아치 #shorts #vtuber,2025-08-05,799398,20534,10,True,akane_lize,아카네 리제,2,Universe
bHqxNmDpuas,그거 회사 채팅방이잖아ㅏㅏㅏ!!!,2025-08-04,186425,4622,10,True,akane_lize,아카네 리제,2,Universe
Wbzf3YE_pfI,Golden - HUNTR/X (KPop Demon Hunters)ㅣCover by Lize x Rin x Nana #golden #shorts,2025-08-02,359137,16871,10,True,akane_lize,아카네 리제,2,Universe
JarYu85ctNY,Golden - HUNTR/X (KPop Demon Hunters)ㅣ아카네 리제 x 아오쿠모 린 x 하나코 나나 【COVER】,2025-08-01,3153940,39158,10,True,akane_lize,아카네 리제,2,Universe
1Pwo-Rre5Ck,기쁨의 땃쥐 댄스~! #vtuber #shorts,2025-07-02,2030482,45234,10,True,akane_lize,아카네 리제,2,Universe
oLNAzgfFv3A,초콜릿 받아줄래? 🍫💝 #vtuber #純恋愛のインゴット,2025-02-14,459530,27641,10,True,akane_lize,아카네 리제,2,Universe
fTqvR0U0EC4,내일의 밤하늘 초계반(アスノヨゾラ哨戒班)ㅣ아카네 리제(Akane Lize) 【COVER】,2025-02-04,7423048,47844,10,True,akane_lize,아카네 리제,2,Universe
rWg5-0pEn1I,병원에서 있었던 일 (녹음본 ㄷㅐ 공개!),2025-01-19,261834,12112,10,True,akane_lize,아카네 리제,2,Universe
IMyaYmW3EYM,Queen never cry 🍷귀족은 울지않아요! #shorts #vtuber #meme,2024-12-21,271948,7857,10,True,akane_lize,아카네 리제,2,Universe
dKYP2Cq5f84,저 진짜 이런 취향 아니에요!! [리제 핫클립 #2],2024-12-15,161674,3736,10,True,akane_lize,아카네 리제,2,Universe
WBf3OR1JIFM,사장님이 절대 보면 안되는 영상,2024-12-07,197859,3758,10,True,akane_lize,아카네 리제,2,Universe
3H4SYl3NAgI,귀엽고 하찮은❤️ 아파트 아파트🏢 #shorts #vtuber #apt #아파트,2024-12-02,618165,29728,10,True,akane_lize,아카네 리제,2,Universe
lqU0yh_u7Qo,APT. (ROSÉ & Bruno Mars)ㅣ아카네 리제(Akane Lize) x 아오쿠모 린(Aokumo Rin) Cover,2024-12-01,2082991,23451,10,True,akane_lize,아카네 리제,2,Universe
VsmP7T-TNm0,⚠️ 주의 ⚠️ 바람피면 안되는 이유 [asmr컨텐츠],2024-11-27,98260,3914,10,True,akane_lize,아카네 리제,2,Universe
QYpD8C0dQjA,I GOT YOU | LAVENDER TOWN 🍷【Lize】#shorts #vtuber #ガッチュー,2024-11-24,160574,7098,10,True,akane_lize,아카네 리제,2,Universe
sqn6IC7lmyU,매니저님이 충격받은 그 계획표 공개!,2024-11-21,64161,1977,10,True,akane_lize,아카네 리제,2,Universe
8mAhyg9I-xo,사장님이 의심하시는 그런사이 맞습니다,2024-11-16,363455,6197,10,True,akane_lize,아카네 리제,2,Universe
frBQ92TBWJI,리제 모찌모찌 - TAK 【mochimochi】🍡 #shorts #vtuber #meme,2024-11-16,149782,7574,10,True,akane_lize,아카네 리제,2,Universe
090EFw_FDjU,J-POP Mashup! (제이팝 매쉬업!)ㅣ아카네 리제(Akane Lize),2024-11-09,1687904,27615,10,True,akane_lize,아카네 리제,2,Universe
JJh7lZgSFCU,골때리는 배신의 현장,2024-11-06,101116,2679,10,True,akane_lize,아카네 리제,2,Universe
piSCm37TW-4,Stellive proto disco meme🥺✨ #shorts  #vtuber,2024-10-27,423729,15147,10,True,akane_lize,아카네 리제,2,Universe
djlujz5A72w,리제는 첫만남이 무섭다  (현실만남편),2024-10-27,474538,6666,10,True,akane_lize,아카네 리제,2,Universe
g1BB2QQUyUk,이 금쪽이들을 어떡하면 좋니...,2024-10-24,68573,1905,10,True,akane_lize,아카네 리제,2,Universe
DrZMMirj4zo,끝나지 않은 노래ㅣ아카네 리제(Akane Lize) 【COVER】,2024-10-22,600653,7416,10,True,akane_lize,아카네 리제,2,Universe
AFAGUhxhkyo,이건 희망을 심어준거다 인정~? #shorts #vtuber,2024-05-26,568577,18696,10,True,akane_lize,아카네 리제,2,Universe
2FAZOuBs7rI,그게 우리 사장이라는 나쁜말은ㄴㄴㄴ,2024-05-23,219814,3874,10,True,akane_lize,아카네 리제,2,Universe
itr_kwB2Gtk,귀엽고 하찮은 것 #shorts #vtuber #리제,2024-05-20,350900,11287,10,True,akane_lize,아카네 리제,2,Universe
s_JYtcUp9oE,진짜 한결같이 변태같은 자식들,2024-05-19,145164,3965,10,True,akane_lize,아카네 리제,2,Universe
dmED-KEWJuk,분위기가 무서웠던 기괴한 공포게임,2024-05-13,71076,1883,10,True,akane_lize,아카네 리제,2,Universe
IpxZG8tGu0Q,이런 모습도 좋아해줘!!! #vtuber #shorts,2024-05-06,1484859,47539,10,True,akane_lize,아카네 리제,2,Universe
hvCVi1JgVNc,아이돌의 은밀한 취향,2024-05-06,81174,2424,10,True,akane_lize,아카네 리제,2,Universe
yCVZq40vqLk,괴수의 꽃노래 (怪獣の花唄) / 아카네 리제 Cover,2024-05-04,3199823,23282,10,True,akane_lize,아카네 리제,2,Universe
hNs-rXEBrU0,저는 사실 정신병자였어요.,2024-03-24,236694,4091,10,True,akane_lize,아카네 리제,2,Universe
BdPpbVRD_tU,처음으로 공개합니다!  #vtuber #shorts,2024-03-24,469242,17928,10,True,akane_lize,아카네 리제,2,Universe
W_kujv9qdkI,유튜버들을 미치게한 게임,2024-03-19,116882,2850,10,True,akane_lize,아카네 리제,2,Universe
_z8_Fe3RZks,대형 서버에서 의도치않게 비틱하기  [띵타이쿤],2024-03-14,137573,2412,10,True,akane_lize,아카네 리제,2,Universe
AbaSp9hmjNQ,귀엽지만 위험한 노래  #rabbithole #shots #vtuber,2024-03-14,475497,21626,10,True,akane_lize,아카네 리제,2,Universe
5WgJLmq6El0,시청자들의 취향이 이상해요ㅠㅠㅠ,2024-03-10,265006,7235,10,True,akane_lize,아카네 리제,2,Universe
FYEpxzxgT4U,방송 중에 울어버렸던 이유,2024-03-06,283146,5617,10,True,akane_lize,아카네 리제,2,Universe
t6EzltrzGNo,선잠 (Leina) / 아카네 리제 Cover,2024-03-02,5394481,31591,10,True,akane_lize,아카네 리제,2,Universe
XUpZdNtDfV4,유니 이거 무서워?? 쫄???,2024-03-01,107813,2180,10,True,akane_lize,아카네 리제,2,Universe
9SzwBrHzeBI,중독된다 그죠~? #vtuber #shorts,2024-03-01,4465367,128464,10,True,akane_lize,아카네 리제,2,Universe
MT1ywBK7L-A,사장님이랑 친해지는 방법,2024-02-26,174982,3819,10,True,akane_lize,아카네 리제,2,Universe
4E90_tjs9C8,좋아하는 사람이 생겼는데.. #vtuber #shorts,2024-02-26,612868,22444,10,True,akane_lize,아카네 리제,2,Universe
hJbD8DVHV9w,Akane Lize -  BGM (Jazz Bass Music),2024-02-26,64780,2595,10,True,akane_lize,아카네 리제,2,Universe
d_YvT_ULGkc,절정찬가 (絶頂讃歌) / Akane Lize (Cover),2024-02-17,2775998,19923,10,True,akane_lize,아카네 리제,2,Universe
0mXXhXfAeGE,크리스마스에 혼자 모텔 갔다는 썰,2024-02-15,71176,2219,10,True,akane_lize,아카네 리제,2,Universe
G6iTBlMGgvQ,요즘 사람들이 중독된 노래 #vtuber #shorts,2024-02-14,263018,9911,10,True,akane_lize,아카네 리제,2,Universe
qd2Li7PmAvc,이거 해본 사람이 있을까?  #shorts #vtuber,2024-02-12,521986,15653,10,True,akane_lize,아카네 리제,2,Universe
tNfvvAdnRms,헛소리 하지말고 돈이나 벌어와 임마!!!,2024-02-11,54081,1445,10,True,akane_lize,아카네 리제,2,Universe
Y2YxkOk4XQk,아ㅋㅋ하나도 안무섭다고 진짜...,2024-02-08,91438,2127,10,True,akane_lize,아카네 리제,2,Universe
cOLX5n5q4yc,雪解け (tayori) / Akane Lize Cover,2024-02-04,1167383,8727,10,True,akane_lize,아카네 리제,2,Universe
jFF_fNhYua0,[4K] 여로ㅣ아라하시 타비(Arahashi Tabi) 「Live Clip」,2026-03-06,54310,3663,10,True,arahashi_tabi,아라하시 타비,2,Universe
yA25-F9SJh0,행복에 대해 내가 생각한 것 『幸せについて、僕が考えたこと』 / 텐코 시부키(Tenko Shibuki) cover,2026-03-21,462795,21397,10,True,tenko_shibuki,텐코 시부키,3,Cliché
8Ovq8_7IXhw,여우울음소리2 #vtuber #shorts  #시부키,2026-03-01,169703,6121,10,True,tenko_shibuki,텐코 시부키,3,Cliché
coIrQy7COxY,부키 커버 모음! 붘플리🎶💜  #shorts #vtuber #cover,2026-02-14,197031,13447,10,True,tenko_shibuki,텐코 시부키,3,Cliché
vD5g9qVz4zg,ラブレター (YOASOBI) / 텐코 시부키(Tenko Shibuki) cover,2026-02-14,407446,11264,10,True,tenko_shibuki,텐코 시부키,3,Cliché
I8hFyN32Ysk,DAYBREAK FRONTLINE / 텐코 시부키(Tenko Shibuki) cover,2026-01-31,749312,16436,10,True,tenko_shibuki,텐코 시부키,3,Cliché
30dd8K_i-38,메리크리(メリクリ) BoA / 텐코 시부키(Tenko Shibuki) cover,2025-12-25,461751,10313,10,True,tenko_shibuki,텐코 시부키,3,Cliché
F8wLwOZMTto,부키의 그림자 댄스 챌린지! #shorts #animation #meme,2025-11-04,172375,7354,10,True,tenko_shibuki,텐코 시부키,3,Cliché
YYv33jfQLc8,불우한 복어 不遇なふぐ #shorts #animation  #meme #不遇なふぐ,2025-10-09,78015,3580,10,True,tenko_shibuki,텐코 시부키,3,Cliché
gLw-gQybtP4,어느 쪽으로 할 거야? どっちにするの？ #shorts #animation #meme,2025-09-09,257300,10102,10,True,tenko_shibuki,텐코 시부키,3,Cliché
kkxiGbWnlzo,아무나 좀 꺼내줘! だれかぬいてくれ #shorts #animation #meme,2025-09-02,707271,18230,10,True,tenko_shibuki,텐코 시부키,3,Cliché
AS7nz_1PSKQ,틴틴팅클댄스챌린지 #shorts #animation #meme #틴틴팅클,2025-08-21,137247,5099,10,True,tenko_shibuki,텐코 시부키,3,Cliché
BkgZSUJzIrI,チェリーポップ🍒 #shorts #animation  #meme,2025-08-12,146730,5623,10,True,tenko_shibuki,텐코 시부키,3,Cliché
BLAEPZt_IwI,wiggly paint! #shorts #vtuber #시부키,2025-07-29,441391,10194,10,True,tenko_shibuki,텐코 시부키,3,Cliché
CQ20ZAKwZT8,소문의 그 애  #random #shorts #イラスト,2025-07-26,187711,6646,10,True,tenko_shibuki,텐코 시부키,3,Cliché
0TbOfhmWJGo,무조건 내꺼였는데 #shorts #vtuber,2025-07-22,174050,4187,10,True,tenko_shibuki,텐코 시부키,3,Cliché
F3MYqlkxMAI,답장 아직일까💦❓아저씨 구문😁❗️ #shorts #animation  #meme,2025-07-14,299614,8836,10,True,tenko_shibuki,텐코 시부키,3,Cliché
cM5C2iVPjQ0,스텔라이브 3기생 신의상 바꿔 입기! #shorts #animation #vtuber,2025-07-12,569474,13792,10,True,tenko_shibuki,텐코 시부키,3,Cliché
-2f5ho5CScw,ういこうせん! #shorts #animation #うい好きダン #しぐれうい,2025-07-03,542904,14841,10,True,tenko_shibuki,텐코 시부키,3,Cliché
8WBxso2ksQM,사장님.. 이런 목소리도 사랑해 줄 거죠?? [쌀멋서버],2025-07-01,457019,6470,10,True,tenko_shibuki,텐코 시부키,3,Cliché
NlpDfZpiE4o,언제까지 철 없이 살래요!! [쌀멋서버],2025-06-28,382393,4965,10,True,tenko_shibuki,텐코 시부키,3,Cliché
Bas6o4QKZZI,냄새 맡는다?! #shorts #vtuber,2025-06-27,632128,9047,10,True,tenko_shibuki,텐코 시부키,3,Cliché
AtcvkfmTNQ0,구멍 뚫고 구경하기,2025-06-25,110009,3085,10,True,tenko_shibuki,텐코 시부키,3,Cliché
O3Vfvo8AtCk,쌀멋 온리업 #shorts #vtuber,2025-06-23,540534,7299,10,True,tenko_shibuki,텐코 시부키,3,Cliché
2pWBEbRrxoA,네 사장님 확실히 폭신해요,2025-06-22,281395,7343,10,True,tenko_shibuki,텐코 시부키,3,Cliché
_ZxF8PN-6Ms,쌀먹 순회공연 #shorts #vtuber,2025-06-22,2271506,29191,10,True,tenko_shibuki,텐코 시부키,3,Cliché
DLFDx_CZwf8,Colorful Tempo(명조 OST) / 텐코 시부키(Tenko Shibuki),2025-06-21,354898,8145,10,True,tenko_shibuki,텐코 시부키,3,Cliché
ffF1XHKR5Ug,눈싸움 (睨めっ娘) / 텐코 시부키(Tenko Shibuki) cover,2025-06-01,1338290,12945,10,True,tenko_shibuki,텐코 시부키,3,Cliché
A_aKbeGVaqY,『隙』/ゆーり #shorts #animation #suki,2025-04-30,390854,12811,10,True,tenko_shibuki,텐코 시부키,3,Cliché
4OzmA6a8sqY,있잖아 있잖아 있잖아 (ねぇねぇねぇ。) / 텐코 시부키(Tenko Shibuki) x 유즈하 리코(Yuzuha Riko) cover,2025-04-26,1249839,14637,10,True,tenko_shibuki,텐코 시부키,3,Cliché
Ho-tW7OsO54,SOS (마유즈미 후유코) / 텐코 시부키(Tenko Shibuki) cover,2025-03-21,725383,9522,10,True,tenko_shibuki,텐코 시부키,3,Cliché
QbSMSvVMHqU,겨울의 선물 (冬のプレゼント) / 텐코 시부키(Tenko Shibuki) cover,2024-12-25,997818,9527,10,True,tenko_shibuki,텐코 시부키,3,Cliché
sCbfVNo2V8E,오하요 おはYOダンス #vtuber #shorts #시부키,2024-11-18,93127,6346,10,True,tenko_shibuki,텐코 시부키,3,Cliché
G8ShFfMJvMc,好きだから｡ 좋아하니까 #shorts #cover #시부키,2024-11-11,382046,20589,10,True,tenko_shibuki,텐코 시부키,3,Cliché
G5A-UDCxUiI,Leo (レオ) / 텐코 시부키(Tenko Shibuki) cover,2024-09-30,2614793,21693,10,True,tenko_shibuki,텐코 시부키,3,Cliché
VJwTQ3G3ni0,여우신과 용사 맞짱 뜬 날,2024-06-03,212812,4845,10,True,tenko_shibuki,텐코 시부키,3,Cliché
uh5S_kOWn4Y,Baby you #vtuber #shorts #cover #시부키,2024-05-29,153824,10482,10,True,tenko_shibuki,텐코 시부키,3,Cliché
MxakDlTIz20,스텔라이브 3기생 여우신 등장 !!!,2024-05-28,121384,4606,10,True,tenko_shibuki,텐코 시부키,3,Cliché
hknLeTljbOM,여우울음소리  #vtuber #shorts  #시부키,2024-05-24,176243,8632,10,True,tenko_shibuki,텐코 시부키,3,Cliché
oYAXiRwEUM0,전방향 미소녀 #vtuber #shorts #cover #시부키,2024-05-21,175636,11002,10,True,tenko_shibuki,텐코 시부키,3,Cliché
QEAWKTys-SA,마라탕후루 챌린지 #vtuber #shorts #시부키,2024-05-20,172870,9009,10,True,tenko_shibuki,텐코 시부키,3,Cliché
KtZi0BN6lwg,너에게 메롱(一二三) / 텐코 시부키(Tenko Shibuki) cover,2024-05-16,6120284,38635,10,True,tenko_shibuki,텐코 시부키,3,Cliché
Kz01X0F2zrM,보첸 꺼진거 아니라고요...,2026-04-14,52719,2078,10,True,aokumo_rin,아오쿠모 린,3,Cliché
eWXEocGZ3qY,이 모든것은 하루 안에 일어난 일입니다,2026-04-10,110742,3632,10,True,aokumo_rin,아오쿠모 린,3,Cliché
PI7KH3XluXg,뇨 vs 곰,2026-04-07,81689,2763,10,True,aokumo_rin,아오쿠모 린,3,Cliché
sEsfamPli_8,그들이 만났다..!,2026-04-04,64437,3242,10,True,aokumo_rin,아오쿠모 린,3,Cliché
qgN67OMZ9Bw,빤스텔라이브,2026-03-31,124459,4050,10,True,aokumo_rin,아오쿠모 린,3,Cliché
vEPC6j1zzlo,ダダダダダル🤨 #雨良 #shorts #animation,2026-03-31,163335,8704,10,True,aokumo_rin,아오쿠모 린,3,Cliché
0BqoqZLWfXI,긁힘,2026-03-27,100925,3102,10,True,aokumo_rin,아오쿠모 린,3,Cliché
RLKm8ymJPlo,Oh... [타다노 카에데 只野 楓] / 아오쿠모 린(Aokumo Rin) Cover,2026-03-25,336377,12935,10,True,aokumo_rin,아오쿠모 린,3,Cliché
x3AWDTdgHu8,의외로 아오쿠모 린이 먹으면 안되는 것들😲 #스텔라이브 #shorts #meme,2026-03-25,471390,13301,10,True,aokumo_rin,아오쿠모 린,3,Cliché
pPDeQaLq_UI,뇨→뇨↗뇨→뇨↗뇨→뇨↘뇨→뇨→뇨→뇨↘뇨↗뇨→ 뇨→뇨↘이↗ 익→,2026-03-24,143677,6594,10,True,aokumo_rin,아오쿠모 린,3,Cliché
acFThix2vuM,동돋ㄷㅇ동ㄷ동돋돋동돋ㅇ동ㅇ도옫동동ㅇ동동의동의,2026-03-20,114918,3939,10,True,aokumo_rin,아오쿠모 린,3,Cliché
tBH5TM6Fplw,음악의 악마 강림 [핫클립],2026-03-17,86870,3385,10,True,aokumo_rin,아오쿠모 린,3,Cliché
GTxc9uElb1M,거지린,2026-03-13,96864,2850,10,True,aokumo_rin,아오쿠모 린,3,Cliché
ZVxegeYsRGo,'키뇨피오',2026-03-10,136157,4075,10,True,aokumo_rin,아오쿠모 린,3,Cliché
8fByP3JR_Hw,네리사에게 혼났습니다..,2026-03-06,140735,5910,10,True,aokumo_rin,아오쿠모 린,3,Cliché
vWvL7pTM0IU,파자마라도 달려와줘🐻 #shorts #animation #스텔라이브,2026-03-06,774299,22108,10,True,aokumo_rin,아오쿠모 린,3,Cliché
8VxX9xCKGwg,그대 춤을 추는 나무 같아요 #shorts #카더가든,2026-03-03,1003795,22881,10,True,aokumo_rin,아오쿠모 린,3,Cliché
KNshKjCOMOw,코난 안 본 사람,2026-03-03,60387,2057,10,True,aokumo_rin,아오쿠모 린,3,Cliché
WvJ9k3nhJH4,도망가지마!!,2026-02-27,96807,2564,10,True,aokumo_rin,아오쿠모 린,3,Cliché
1VJ3X9Q7Sik,치킨 불쌍해 ㅠㅠ #shorts #stellive,2026-02-25,234355,9391,10,True,aokumo_rin,아오쿠모 린,3,Cliché
QXUxnxoOIOI,AIZO [King Gnu] / 아오쿠모 린(Aokumo Rin) Cover,2026-02-24,630112,15384,10,True,aokumo_rin,아오쿠모 린,3,Cliché
Nmkp68aUw1o,카가리비토 [カガリビト - millstones] / 아오쿠모 린(Aokumo Rin) Cover,2026-01-24,423311,12350,10,True,aokumo_rin,아오쿠모 린,3,Cliché
SGiJ_N3Mx6E,내가 그녀에게 무엇을 잘못한걸까?,2025-06-24,163085,3646,10,True,aokumo_rin,아오쿠모 린,3,Cliché
dg9vEHAgrUU,그 날 키위새의 세상은 무너졌다,2025-06-21,230156,5164,10,True,aokumo_rin,아오쿠모 린,3,Cliché
zdQK_MBgRVg,사람이 이렇게 먹을리가 없어 [먹가리],2025-06-19,230008,5106,10,True,aokumo_rin,아오쿠모 린,3,Cliché
ZDSrgfcWFpc,나나에게 받은 고통을 히나선배에게 넘기는 영상,2025-06-17,197968,4404,10,True,aokumo_rin,아오쿠모 린,3,Cliché
D-XW2nTXNpg,이것은 다큐멘터리입니다,2025-06-15,120695,3637,10,True,aokumo_rin,아오쿠모 린,3,Cliché
VsRyh2LOtBk,晩餐歌 (tuki.) / 아오쿠모 린(Aokumo Rin) Cover,2025-06-14,1624586,15406,10,True,aokumo_rin,아오쿠모 린,3,Cliché
eI_WkBC9ywA,U HA HA HA!!! #shorts #meme #animation,2025-06-13,391766,10283,10,True,aokumo_rin,아오쿠모 린,3,Cliché
O5ji5xpOlgw,귀여워 보이지만 꽤나 슬픈 영상입니다,2025-06-12,146257,3625,10,True,aokumo_rin,아오쿠모 린,3,Cliché
leMDN5Z6jrU,전혀 성장하지 않았어..!,2025-06-10,72771,1936,10,True,aokumo_rin,아오쿠모 린,3,Cliché
OPepXZ412C8,아 깡총! 아 깡총!,2025-06-06,43084,1546,10,True,aokumo_rin,아오쿠모 린,3,Cliché
K0kvutbOYpQ,일단 내 잘못은 아님,2025-06-05,150143,3792,10,True,aokumo_rin,아오쿠모 린,3,Cliché
AM0NgYiSxUw,나나 사망 3초전 [5월 핫클립],2025-06-03,120910,2830,10,True,aokumo_rin,아오쿠모 린,3,Cliché
mf3qK7F8Urw,히나 선배와 수준 높은 영어 토크,2025-05-31,503524,8167,10,True,aokumo_rin,아오쿠모 린,3,Cliché
EynP0L9gaL8,SIUUUUUUUUUUUU,2025-05-29,76933,2366,10,True,aokumo_rin,아오쿠모 린,3,Cliché
RuqvU3RyMNI,☁️2025 아오쿠모 린 생일 한정 굿즈🛼#스텔라이브 #린 #shorts,2025-05-29,140485,4866,10,True,aokumo_rin,아오쿠모 린,3,Cliché
qHZB5Rjb8II,1년사이에 많은 일이 있었습니다,2025-05-27,164686,4840,10,True,aokumo_rin,아오쿠모 린,3,Cliché
E_K5cYIj1YU,분명 1년전에는 사람말을 했는데,2025-05-23,290719,5835,10,True,aokumo_rin,아오쿠모 린,3,Cliché
qwXBRvWWFIk,의문의 PT,2025-05-20,70427,2057,10,True,aokumo_rin,아오쿠모 린,3,Cliché
Kp3dbwSN6zo,너는....!!!,2025-05-17,79979,2335,10,True,aokumo_rin,아오쿠모 린,3,Cliché
dsTC_Y2VJpY,가오가 없으면 시체다,2025-05-15,120250,3034,10,True,aokumo_rin,아오쿠모 린,3,Cliché
WL78WmQtAeg,오늘만 알려드립니다,2025-05-13,115070,3680,10,True,aokumo_rin,아오쿠모 린,3,Cliché
CyBThDCRPOY,생일을 맞이한 아오쿠모 린,2025-05-11,98075,3030,10,True,aokumo_rin,아오쿠모 린,3,Cliché
9B41u7paMDg,😎🌹 #meme #catmeme #shorts,2025-05-10,189162,6525,10,True,aokumo_rin,아오쿠모 린,3,Cliché
vmkZWIBn8kc,저리가라 이 악마야!,2025-05-09,82259,2447,10,True,aokumo_rin,아오쿠모 린,3,Cliché
2-p96K5Y73M,린과 함께하는 봄빛 데이트🌸 #린 #스텔라이브 #봄빛데이트 #vtuber,2025-05-07,132183,4368,10,True,aokumo_rin,아오쿠모 린,3,Cliché
xUdUbTg7Kdo,덤벼라 게자식 [먹가리],2025-05-06,128561,3467,10,True,aokumo_rin,아오쿠모 린,3,Cliché
RpX0r_l7FzI,Stand By You (Official髭男dism) / 아오쿠모 린(Aokumo Rin) Cover,2025-05-03,1242230,12977,10,True,aokumo_rin,아오쿠모 린,3,Cliché
L3kCfCjjwmQ,응애! [4월 핫클립],2025-05-02,176947,4543,10,True,aokumo_rin,아오쿠모 린,3,Cliché
zVNbcnSQrCU,Unbreakable Sphere (승리의 여신: 니케 OST) / 아오쿠모 린(Aokumo Rin) Cover,2025-05-01,558281,8297,10,True,aokumo_rin,아오쿠모 린,3,Cliché
vVQy6YNGXLI,Unbreakable Sphere(Teaser) / 아오쿠모 린(Aokumo Rin) Cover,2025-04-29,56724,2825,10,True,aokumo_rin,아오쿠모 린,3,Cliché
Ar-dPmVVWKM,날조 없음,2025-04-29,353902,6549,10,True,aokumo_rin,아오쿠모 린,3,Cliché
5C2fekzIIxI,뭘 봐 너도 부숴줘?,2025-04-25,118857,3220,10,True,aokumo_rin,아오쿠모 린,3,Cliché
cq45uKV6CtY,Bleh🐱👅 #shorts #animation #meme,2025-04-24,1262200,31367,10,True,aokumo_rin,아오쿠모 린,3,Cliché
jgE09qMXx9A,뭐야..이상한 사람이네..,2025-04-22,156913,3691,10,True,aokumo_rin,아오쿠모 린,3,Cliché
N_xjkF0Ueho,스텔라이브 건물주가 되었습니다,2025-04-18,126047,3381,10,True,aokumo_rin,아오쿠모 린,3,Cliché
K6jQIVE0X8A,세계 최강자는 누구일까? #shorts #트랄랄레로트랄랄라 #TralaleroTralala #ItalianBrainrot,2025-04-16,1022206,18060,10,True,aokumo_rin,아오쿠모 린,3,Cliché
2Wdqi3B2rcE,구라 ㄴ,2025-04-15,70366,2604,10,True,aokumo_rin,아오쿠모 린,3,Cliché
zZ4Zi9OSJII,Rat dance🐭 #shorts #animation,2025-04-14,672286,18437,10,True,aokumo_rin,아오쿠모 린,3,Cliché
3o1qvyTvr_Q,오빠에게 안겨,2025-04-11,136717,4496,10,True,aokumo_rin,아오쿠모 린,3,Cliché
SgwAMNsVSj0,린쨩~ 하잇!!!😆 #shorts #animation #AiScReam,2025-04-09,551058,12757,10,True,aokumo_rin,아오쿠모 린,3,Cliché
4miKlyPkm6c,함께라면 두렵지 않아요,2025-04-08,96971,3151,10,True,aokumo_rin,아오쿠모 린,3,Cliché
76CJ6U2nxeY,BOW AND ARROW (요네즈 켄시) / 아오쿠모 린(Aokumo Rin) Cover,2025-04-05,2002482,20361,10,True,aokumo_rin,아오쿠모 린,3,Cliché
WV6EGtoqUBE,넹 듣고있는데용,2025-04-04,95899,2438,10,True,aokumo_rin,아오쿠모 린,3,Cliché
9W7u0-8rqzI,사장님을 화나게 하는 방법 [3월 핫클립],2025-04-02,213906,4425,10,True,aokumo_rin,아오쿠모 린,3,Cliché
8m8xom23aDY,シックス・フィート・アンダー (식스 피트 언더),2025-04-01,794097,8417,10,True,aokumo_rin,아오쿠모 린,3,Cliché
-u_GK70UIZo,나만 당할 수 없지,2025-03-28,91874,2645,10,True,aokumo_rin,아오쿠모 린,3,Cliché
Y85lIbhwIFE,유니 선배에게 기강 잡히는 나,2025-03-25,61924,1796,10,True,aokumo_rin,아오쿠모 린,3,Cliché
wrS7Cvn01SU,잘먹지 못했습니다,2025-03-21,179082,4307,10,True,aokumo_rin,아오쿠모 린,3,Cliché
lK6yYJUJniE,雑魚🐟 #shorts #animation #ざこ,2025-03-19,453815,19441,10,True,aokumo_rin,아오쿠모 린,3,Cliché
fHASMH5tKSQ,들켜버린 취미,2025-03-18,163143,3784,10,True,aokumo_rin,아오쿠모 린,3,Cliché
lsshc8umnE4,"역몽 (逆夢, King Gnu) - 아오쿠모 린 x 하나코 나나 Cover",2025-03-17,1959769,16318,10,True,aokumo_rin,아오쿠모 린,3,Cliché
GbAB9J2v94s,긁히네..,2025-03-14,267647,5466,10,True,aokumo_rin,아오쿠모 린,3,Cliché
gfBEbxlW-IY,"""지-빠뿌""",2025-03-11,146961,3415,10,True,aokumo_rin,아오쿠모 린,3,Cliché
I6bslYOW8Xk,W/X/Y (Tani Yuuki) / 아오쿠모 린(Aokumo Rin) Cover,2025-03-08,3649404,26196,10,True,aokumo_rin,아오쿠모 린,3,Cliché
6t1Fz4z2Ma8,전재산 털어서 공양하기,2025-03-07,340941,6285,10,True,aokumo_rin,아오쿠모 린,3,Cliché
0sonIzXWVzw,AKAGE [赤毛] #shorts #meme #animation,2025-03-05,343075,15871,10,True,aokumo_rin,아오쿠모 린,3,Cliché
A773fIl9MpA,저는 위협을 가하지 않았습니다 [2월 핫클립],2025-03-04,135260,3491,10,True,aokumo_rin,아오쿠모 린,3,Cliché
QQYjoOGbUSQ,ももいろの鍵 (복숭아색 열쇠),2025-03-03,672766,8430,10,True,aokumo_rin,아오쿠모 린,3,Cliché
eIwLHdWLmok,天天天国地獄国👼👿 #shorts #animation,2025-03-03,2507829,53651,10,True,aokumo_rin,아오쿠모 린,3,Cliché
sADzRNA77Q8,이긴다고는 안했습니다,2025-02-28,179635,3926,10,True,aokumo_rin,아오쿠모 린,3,Cliché
zIV017bdC58,말 취소할래요,2025-02-25,148539,3747,10,True,aokumo_rin,아오쿠모 린,3,Cliché
XW-LxkxFEgI,"버스, 탑승하겠습니다",2025-02-21,65944,1862,10,True,aokumo_rin,아오쿠모 린,3,Cliché
4X8riPOoRXM,공손해져야겠지?,2025-02-18,111764,2751,10,True,aokumo_rin,아오쿠모 린,3,Cliché
ItUC9TPcb08,TAEYEON (태연) 'To. X' / 아오쿠모 린(Aokumo Rin) Cover,2025-02-15,3408139,27286,10,True,aokumo_rin,아오쿠모 린,3,Cliché
PY9_EpioRFA,좋은 인생이었다,2025-02-14,108653,3340,10,True,aokumo_rin,아오쿠모 린,3,Cliché
VuypMHveROY,역시 애들도 나를 사랑한다니까? [1월 핫클립],2025-02-11,206069,4346,10,True,aokumo_rin,아오쿠모 린,3,Cliché
RlA0q8rqxRc,살려주시면 유니선배를 드릴게요,2025-02-06,99351,2275,10,True,aokumo_rin,아오쿠모 린,3,Cliché
ADKU-9AwXYk,みむかｩわナイストライ😜 #meme #animation #shorts,2025-02-05,421574,13499,10,True,aokumo_rin,아오쿠모 린,3,Cliché
0VeNo4wfNOU,의문의 간접키스,2025-02-04,250379,5867,10,True,aokumo_rin,아오쿠모 린,3,Cliché
2pN_qrod790,와... 정말 chill하다... #shorts #meme,2025-02-02,201646,7969,10,True,aokumo_rin,아오쿠모 린,3,Cliché
rXlOE45mFNs,감자튀김은 야채죠🍔🍟 #shorts #meme,2025-02-01,568305,25326,10,True,aokumo_rin,아오쿠모 린,3,Cliché
OTsLHjzrGfo,성냥 사세요..,2025-01-31,304088,6339,10,True,aokumo_rin,아오쿠모 린,3,Cliché
sBrTFYyYyjw,가끔은 전여친이 그립다 #shorts #vtuber,2025-01-31,600930,17219,10,True,aokumo_rin,아오쿠모 린,3,Cliché
TfW7tGOVt4s,작년보다 치킨을 덜 먹겠습니다 (실제로 한 말),2025-01-28,133522,4117,10,True,aokumo_rin,아오쿠모 린,3,Cliché
-tQSl1yY0a4,괜찮아 딩딩딩딩딩🖐️ #괜찮아 #meme #shorts,2025-01-25,774581,34236,10,True,aokumo_rin,아오쿠모 린,3,Cliché
F1bxe0JwBkA,마음의 눈으로 봅니다,2025-01-24,139350,3698,10,True,aokumo_rin,아오쿠모 린,3,Cliché
lXB628gwlzs,꿈의 카니발 (Grand Feast Daydream) / 아오쿠모 린(Aokumo Rin) Cover,2025-01-23,1245096,15061,10,True,aokumo_rin,아오쿠모 린,3,Cliché
_jtGq1Wxd-c,"안녕, 또 언젠가! (さよーならまたいつか！) #shorts #vtuber",2024-07-23,90593,5552,10,True,aokumo_rin,아오쿠모 린,3,Cliché
zcaAsuA54pI,"안녕, 또 언젠가! (요네즈 켄시) / 아오쿠모 린(Aokumo Rin) Cover",2024-07-21,2960907,21658,10,True,aokumo_rin,아오쿠모 린,3,Cliché
UXSs7NufJrg,유니 선배를 따라 슈파도파~민 나! #SUPADOPAChallenge #슈파도파챌린지 #유니 #린,2024-07-17,1128558,42768,10,True,aokumo_rin,아오쿠모 린,3,Cliché
Qrp_sm9JH4g,여름 밤처럼 '무희'를 불러보았다 #shorts #vtuber,2024-07-13,214112,12017,10,True,aokumo_rin,아오쿠모 린,3,Cliché
QPhedNPVvTI,에이토의 '향수' 잔잔하게 불러보았다 #shorts #vtuber,2024-07-10,147448,8550,10,True,aokumo_rin,아오쿠모 린,3,Cliché
tekmsalFWHU,전방향 미소녀 #shorts #vtuber,2024-07-01,177983,9127,10,True,aokumo_rin,아오쿠모 린,3,Cliché
8MvC30V6MWI,17세 메이드가 부른 '에고 록' #shorts #vtuber,2024-06-29,124002,7097,10,True,aokumo_rin,아오쿠모 린,3,Cliché
3X8K-mXYnZ8,오버라이드 #shorts #vtuber,2024-06-26,150630,7963,10,True,aokumo_rin,아오쿠모 린,3,Cliché
28VQeJ9ld6s,17세 메이드가 부른 'W / X / Y'  #shorts #vtuber,2024-06-23,250110,15109,10,True,aokumo_rin,아오쿠모 린,3,Cliché
NNe8B0EbNJo,린의 메이드 일지 -집안일편- #vtuber #shorts,2024-06-18,1256120,32858,10,True,aokumo_rin,아오쿠모 린,3,Cliché
1y9rwiI44N0,17세 메이드가 부른 '귀여워서 미안해 / 可愛くてごめん' #shorts #vtuber,2024-06-17,171727,8885,10,True,aokumo_rin,아오쿠모 린,3,Cliché
PEKmvMxPaaA,스텔라이브 3기생끼리 옷 바꿔서 입어보기💙 #vtuber #shorts,2024-06-15,1254202,26445,10,True,aokumo_rin,아오쿠모 린,3,Cliché
4fQH9QNlwto,17세 메이드가 부른 'fake face dance music' #vtuber #shorts,2024-06-12,174566,10242,10,True,aokumo_rin,아오쿠모 린,3,Cliché
3Uoi__7nFlo,뇨호! #vtuber #shorts,2024-06-10,140329,8064,10,True,aokumo_rin,아오쿠모 린,3,Cliché
_0s07ItwOFg,미쿠미쿠빔 #vtuber #mikumikubeam,2024-06-08,832201,34870,10,True,aokumo_rin,아오쿠모 린,3,Cliché
w1iSRyAgmCQ,사카사카밤밤바스피스피스◎▼◎  #vtuber #shorts,2024-06-05,215772,8371,10,True,aokumo_rin,아오쿠모 린,3,Cliché
W-AvnZ-Mdw0,17세 메이드가 부른 'I Love You 3000' #vtuber #shorts,2024-06-01,126737,6899,10,True,aokumo_rin,아오쿠모 린,3,Cliché
8r5zxGTm4nc,만찬가 아카펠라 #vtuber #shorts,2024-05-30,525004,21486,10,True,aokumo_rin,아오쿠모 린,3,Cliché
n_5_4YCh-M8,17세 메이드가 부른 '만찬가' #vtuber #shorts,2024-05-27,644230,24457,10,True,aokumo_rin,아오쿠모 린,3,Cliché
-kL8u6_ZIYc,린의 메이드 일지 -청소편- #vtuber  #shorts,2024-05-25,439782,17109,10,True,aokumo_rin,아오쿠모 린,3,Cliché
ROKfR3f_fj0,사투리 버튜버 #vtuber #shorts,2024-05-23,153486,7034,10,True,aokumo_rin,아오쿠모 린,3,Cliché
1fquPxmtEcM,17歳メイドが 「マーシャル・マキシマイザー」 歌ってみた☁️ #vtuber #shorts #스텔라이브,2024-05-22,205963,10250,10,True,aokumo_rin,아오쿠모 린,3,Cliché
LlXF7C5bsDE,ナン食べたい(난 먹고 싶어) - Yukopi #vtuber #shorts,2024-05-20,113055,6628,10,True,aokumo_rin,아오쿠모 린,3,Cliché
UWa_OiXDiQA,유령도쿄(Ayase) / 아오쿠모 린(Aokumo Rin) Cover,2024-05-16,4396994,28688,10,True,aokumo_rin,아오쿠모 린,3,Cliché
0SJsL6So2w0,저 귀엽죠,2026-04-14,63207,5694,10,True,hanako_nana,하나코 나나,3,Cliché
IUCAny00ilU,평생 무희 시작 부분만 연습하는 사람,2026-04-12,105435,3706,10,True,hanako_nana,하나코 나나,3,Cliché
PtxidFL4CVo,양이 캥 마리... 양이 뇨 마리... #animation #shorts,2026-04-11,157184,6274,10,True,hanako_nana,하나코 나나,3,Cliché
AkKFbX9ecgc,근데 생각보다 괜찮은 것 같은데...?,2026-04-09,64632,2084,10,True,hanako_nana,하나코 나나,3,Cliché
H7lw63zTL8Q,우주엔 양배추가 있구나.. #animation #shorts,2026-04-08,139853,6899,10,True,hanako_nana,하나코 나나,3,Cliché
DRP4WsSuuJk,모두 바지냥이가 되는 거야 #스텔라이브 #shorts,2026-04-07,156800,6536,10,True,hanako_nana,하나코 나나,3,Cliché
-TqsyQY6YnU,글자티콘을 만들 땐 신중해야 하는 이유 [핫클립],2026-04-05,64813,2484,10,True,hanako_nana,하나코 나나,3,Cliché
b4L4mU3jevk,대답할 힘이 없다고? 괜찮아!! 그냥 놀자!!!!,2026-04-02,80134,2661,10,True,hanako_nana,하나코 나나,3,Cliché
5eL49CJZDAk,웃으면 좋다 아이가! #shorts #笑えたらえーやん！,2026-04-01,73046,4681,10,True,hanako_nana,하나코 나나,3,Cliché
QPlx5T01RKg,일단 제가 정글러라는 것 까진 이해했습니다,2026-03-30,56727,1707,10,True,hanako_nana,하나코 나나,3,Cliché
zq9HBEpU0n4,양념갈비 파티를 위한 밍리셰레인저 출동!!,2026-03-27,57279,2056,10,True,hanako_nana,하나코 나나,3,Cliché
XJFh9yZvU4s,계속 같이 있어줄 거지? #animation #shorts,2026-03-25,219853,9937,10,True,hanako_nana,하나코 나나,3,Cliché
GVE1H0_Ma6g,여자 꼬시는 법 알려준다고. 조용히 듣기나 해.,2026-03-24,144323,4330,10,True,hanako_nana,하나코 나나,3,Cliché
IoBUWPQ3dwc,"One Last Kiss - 『宇多田ヒカル, 신 에반게리온 극장판  𝄇  OST / 하나코 나나 COVER",2026-03-22,284799,11017,10,True,hanako_nana,하나코 나나,3,Cliché
RS0ygS5Z2qo,포켓몬 신작? 빠모가 나와? 절대 못 참아.,2026-03-20,68941,2302,10,True,hanako_nana,하나코 나나,3,Cliché
Z8TCFNCpb0I,결혼 얘기 다음에 그걸 꺼내면 이상하잖아요 [핫클립],2026-03-18,83093,2561,10,True,hanako_nana,하나코 나나,3,Cliché
YPfHCHhIeL4,ディスクローズ・フリック🌟 #柊マグネタイト #ディスクローズフリック #shorts,2026-03-17,88986,5443,10,True,hanako_nana,하나코 나나,3,Cliché
NzB8ed8jazI,내가 제일 못 할 줄 알았던 레이드에서 일어난 일,2026-03-16,70040,1768,10,True,hanako_nana,하나코 나나,3,Cliché
S49_vfHiy_s,스텔라이브 NO.1 인텔리전트 요원이 보낸 메시지를 수신했습니다.💬,2026-03-14,446665,18139,10,True,hanako_nana,하나코 나나,3,Cliché
r3RqWd-yAKE,광고비로 페이백을 받으니 공짜가 아닐까? (아님),2026-03-13,67718,1912,10,True,hanako_nana,하나코 나나,3,Cliché
TCGHEveSSkg,아 위대한 '시부키' 족장님이요?ㅋㅋㅋㅋ,2026-03-11,104164,2507,10,True,hanako_nana,하나코 나나,3,Cliché
2LgQPbL2aCk,조카가 집에 놀러온 기분이에요 #animation #shorts,2026-03-09,662903,16493,10,True,hanako_nana,하나코 나나,3,Cliché
N1FMiO23pkM,셀프 탈룰라를 해버렸던 썰.. [핫클립],2026-03-08,134464,4316,10,True,hanako_nana,하나코 나나,3,Cliché
2kj5mdUjfEY,당사자에게 업로드 허락받았어요 #shorts #픽크타2,2026-03-07,488871,15588,10,True,hanako_nana,하나코 나나,3,Cliché
-LC137jqAT8,아아 잠깐 '힐'하고 왔다. #shorts #오버워치2,2026-03-05,619627,11026,10,True,hanako_nana,하나코 나나,3,Cliché
TdcWqKb57Gc,종잡을 수 없는 동기를 집에 데려왔더니 생긴 일,2026-03-04,293481,7944,10,True,hanako_nana,하나코 나나,3,Cliché
4jEdne9JM9g,진짜 냄새 안 난다고!!!!,2026-03-01,183942,5055,10,True,hanako_nana,하나코 나나,3,Cliché
ECVbivbgCSo,이분 난입 타이밍이 항상 왜 이러는 겁니까,2026-02-26,128723,3520,10,True,hanako_nana,하나코 나나,3,Cliché
2n6505hvOjk,역대급 최단신 요원 랭킹 TOP5 #animation #shorts,2026-02-24,785525,17518,10,True,hanako_nana,하나코 나나,3,Cliché
2ljT0dPRUN4,페순아 너까지 그러기야? [핫클립],2026-02-22,101679,3629,10,True,hanako_nana,하나코 나나,3,Cliché
ZsivQo6mteQ,퍼즐이 저를 이렇게 만들었습니다,2026-02-19,182937,5003,10,True,hanako_nana,하나코 나나,3,Cliché
noKfckxJ2PU,죄와 벌(罪と罰) [椎名林檎(시이나 링고)] / 하나코 나나 COVER,2026-02-17,292488,10152,10,True,hanako_nana,하나코 나나,3,Cliché
tlAxZF48ECE,반박 시 신사 아님,2026-02-16,115429,3798,10,True,hanako_nana,하나코 나나,3,Cliché
KUx7j1FB52A,요리치 메이드는 일류 셰프가 되는 꿈을 꾸지 않는다,2026-02-13,70515,2129,10,True,hanako_nana,하나코 나나,3,Cliché
bRhvsqwi2rU,'Yin and Yang' [TEAM ZICO X Crush] | 불러보았다 #shorts,2026-02-11,143696,5854,10,True,hanako_nana,하나코 나나,3,Cliché
PcM0MCXeWgE,'Yin and Yang' [TEAM ZICO X Crush] | 불러보았다,2026-02-10,318946,10338,10,True,hanako_nana,하나코 나나,3,Cliché
83yT-TutVXQ,색만 보고 판단하지 말자 #animation #shorts,2026-02-10,799136,15500,10,True,hanako_nana,하나코 나나,3,Cliché
00KXb35Gr0Y,이게 진짜 힐링이야,2026-02-09,74576,2276,10,True,hanako_nana,하나코 나나,3,Cliché
ulSfKdevIG8,그런 짓은 하지 말아야 했는데 #shorts #스텔라이브,2026-02-08,404393,10058,10,True,hanako_nana,하나코 나나,3,Cliché
JAidlAnP3a8,세계 최고의 키 차이. [핫클립],2026-02-05,171443,4857,10,True,hanako_nana,하나코 나나,3,Cliché
d91jg6f95F0,어디에 앉으시겠습니까? #memes #shorts #스텔라이브,2026-02-04,240935,7020,10,True,hanako_nana,하나코 나나,3,Cliché
-_JRw9pDAY0,명탐정 텐코 시부키.. 두고보자....,2026-02-02,59347,1823,10,True,hanako_nana,하나코 나나,3,Cliché
B-t6hgoRZjo,나도박사 스텔라이브에 출현 #shorts #문도,2026-01-31,289754,11607,10,True,hanako_nana,하나코 나나,3,Cliché
ZC5nxUqDVW0,너희가 이리를 하는 것만 봐도 행복해... 하고 싶은 거 다 하면 좋겠어...,2026-01-30,90348,2586,10,True,hanako_nana,하나코 나나,3,Cliché
9BUhveg8tv8,사무실에서 꿀잠 자면..😴 #스텔라이브 #animation #shorts,2026-01-29,1010656,15881,10,True,hanako_nana,하나코 나나,3,Cliché
zJZ8__iCuPA,사장 사장님에게 분탕용 아이템을 실수로 써버렸다..,2026-01-27,183588,3575,10,True,hanako_nana,하나코 나나,3,Cliché
lon1Fk6xiZw,전 비밀 요원이었던 내가 이 세계에선 3선 대통령?!,2026-01-24,82015,2374,10,True,hanako_nana,하나코 나나,3,Cliché
YDTl8vSdErw,⚠️과몰입금지!!⚠️ 이상한 말 하는 페토는 사랑이로 쏴버릴 거야!!🔫,2026-01-21,111843,4775,10,True,hanako_nana,하나코 나나,3,Cliché
9kD85J_s3rs,인텔리전트하게 경찰한테서 숨는 방법🍷 #animation #shorts,2026-01-20,369532,10013,10,True,hanako_nana,하나코 나나,3,Cliché
aurVmylo4_Y,"RAIN [강철의 연금술사 OST 鋼の錬金術師, SID] / 하나코 나나 COVER",2026-01-19,848206,15507,10,True,hanako_nana,하나코 나나,3,Cliché
LT4O634ZRS4,위용 록  -위용도 ROCK이다- #shorts #vtuber #音mad,2026-01-18,143227,6496,10,True,hanako_nana,하나코 나나,3,Cliché
uRBW-76Ht2c,"부키 오빠, 나야 리코야???",2026-01-17,40239,1703,10,True,hanako_nana,하나코 나나,3,Cliché
oY69517yXj4,스님에게서 강한 동질감이 느껴지는데요?,2026-01-14,216253,4778,10,True,hanako_nana,하나코 나나,3,Cliché
F4AI5vdEBdI,나나의🔫 IRIS OUT 레제 댄스!💣 #챌린지 #shorts,2026-01-10,533062,14190,10,True,hanako_nana,하나코 나나,3,Cliché
oS6vgWkCCS0,나 우울해서 '빵'나나 됐어...ㅋㅋㅋㅋㅋㅋ,2026-01-09,114243,3822,10,True,hanako_nana,하나코 나나,3,Cliché
sG3uhvqkLRQ,둘이 요리 재료 맞지? 그거 아니면 말이 안 돼 진짜💢,2026-01-06,72882,2182,10,True,hanako_nana,하나코 나나,3,Cliché
NEaJ-TqSun0,하지메쨩의 귀여움이 치사량 급이라 시청에 주의하세요!!,2026-01-04,160146,6511,10,True,hanako_nana,하나코 나나,3,Cliché
JNup6YrBQGU,그저 먹기만하는 영상 #vtuber #shorts #mukbang,2026-01-03,109243,5455,10,True,hanako_nana,하나코 나나,3,Cliché
EWVfIlmnEtg,마크에선 위아래 없습니다. 스승님.,2026-01-02,70102,2051,10,True,hanako_nana,하나코 나나,3,Cliché
rGSHXo-baYU,리듬에 맞춰서 단어를... 좀 이상한데? #shorts #memes,2026-01-01,631689,11725,10,True,hanako_nana,하나코 나나,3,Cliché
O1Mw90AaQpI,여러분 하지메 쨩이 한국에 놀러 와줬어요!!,2025-12-31,166360,8077,10,True,hanako_nana,하나코 나나,3,Cliché
8olsIqkNV3I,페토랑 오~ 샹젤리제~♬ Les Champs Élysées #vtuber #shorts #하나코나나,2025-12-30,235882,8815,10,True,hanako_nana,하나코 나나,3,Cliché
Kkx8t5k_njQ,그건 있을 수 없는 거야 [핫클립],2025-12-29,120773,3705,10,True,hanako_nana,하나코 나나,3,Cliché
wyFmP5SyNmY,싸랑한다 페토야🩷 #animation #shorts #memes,2025-12-28,455155,14306,10,True,hanako_nana,하나코 나나,3,Cliché
hp6xvIsQc3Y,요원이 전단지를 피하는 방법 #animaiton #shorts,2025-12-27,581714,10420,10,True,hanako_nana,하나코 나나,3,Cliché
qx6K3hARZB0,우리들의 첫 콘서트 [ STARTRAIL ] 후기,2025-12-26,46736,2453,10,True,hanako_nana,하나코 나나,3,Cliché
U7uPs5o6lYU,오늘은 요원이 아니고 산타예요🎁 #메리크리스마스 #animation #shorts,2025-12-25,233311,7444,10,True,hanako_nana,하나코 나나,3,Cliché
hOIgRYUFaHA,제 인내력 좋아보인다는 뜻이죠?? 그쵸?!,2025-12-24,106491,2639,10,True,hanako_nana,하나코 나나,3,Cliché
Ap1rMk2JkYk,트롤과 슈퍼 플레이는 한 끗 차이 [스텔 롤 내전],2025-12-23,184947,3390,10,True,hanako_nana,하나코 나나,3,Cliché
28tDnO_ytmk,가장 이상적인 갱킹 [스텔 롤 내전],2025-12-22,207844,3337,10,True,hanako_nana,하나코 나나,3,Cliché
t3Q2e_07gc8,머릿속을 수없이 스쳐 지나가는 지난날의 과오 [핫클립],2025-12-21,171745,4452,10,True,hanako_nana,하나코 나나,3,Cliché
84a6ub2XSH0,게임의 운명을 가른 궁극기 [스텔 롤 내전],2025-12-21,293947,3954,10,True,hanako_nana,하나코 나나,3,Cliché
f3IIrJGIK98,이니시는 나튜브 [스텔 롤 내전],2025-12-20,187230,3636,10,True,hanako_nana,하나코 나나,3,Cliché
XllshYX1zRQ,절대 그냥 주지 않아 [스텔 롤 내전],2025-12-19,240280,3778,10,True,hanako_nana,하나코 나나,3,Cliché
TgQ-zPVUERM,루미아 섬에 어서오세요 관광객님~!!!🥳🎉🎉,2025-12-16,114312,2888,10,True,hanako_nana,하나코 나나,3,Cliché
yitS4QCqCdU,BIG Naughty (서동현) - Joker (Feat. JAMIE) | 하나코 나나 x 시라유키 히나 Cover,2025-12-14,638419,12326,10,True,hanako_nana,하나코 나나,3,Cliché
ipf9Bs2_lhM,페토야 진짜 급해 빨리 와 봐 #animation #shorts,2025-12-14,429309,11192,10,True,hanako_nana,하나코 나나,3,Cliché
Mic7bMVz_HY,"선배 미안해, 나도 적 팀이야",2025-12-12,58120,1773,10,True,hanako_nana,하나코 나나,3,Cliché
oeAy7Tu8_I4,좋아하는 색이랑 어울리는 색 똑같은 사람? #shorts,2025-12-11,155863,3887,10,True,hanako_nana,하나코 나나,3,Cliché
iSgn9h7_2Rc,유니 선배 바보~😝 절대 안 속지~!,2025-12-09,44561,1593,10,True,hanako_nana,하나코 나나,3,Cliché
hGmVMfh8rwg,요원의 고독한 미행 작전🐈‍⬛ #animation #shorts,2025-12-07,369873,8818,10,True,hanako_nana,하나코 나나,3,Cliché
HbEhV16cJXk,오늘 처음보는 미소녀에게 프러포즈 받았습니다,2025-12-06,43296,1458,10,True,hanako_nana,하나코 나나,3,Cliché
td73oLSQug0,토도로키 하지메 (轟はじめ) x 하나코 나나 (花子ナナ) - TOMBOY (I-DLE) Cover,2025-12-05,956393,35213,10,True,hanako_nana,하나코 나나,3,Cliché
aKmJTquQ14I,「정신차려」하나코 나나 모닝콜 #shorts #스텔라이브,2025-12-03,187971,7740,10,True,hanako_nana,하나코 나나,3,Cliché
JnSJyJnhtkU,요원의 빨래하는 날🧽 #shorts #animation,2025-12-01,730843,14990,10,True,hanako_nana,하나코 나나,3,Cliché
VCKbaBQ-USM,와 분리수거를 아무 때나 내도 된다꼬?! [이사 썰풀이],2025-11-30,107693,3450,10,True,hanako_nana,하나코 나나,3,Cliché
_hnuobzPGWE,"쌀먹송 from 쌀먹단 (NANA, SHIBUKI, HUYA)",2025-11-28,553064,11523,10,True,hanako_nana,하나코 나나,3,Cliché
-p2Y4cysOI4,스텔라이브 방과후 이리부 결성!!!!!,2025-11-27,156047,3747,10,True,hanako_nana,하나코 나나,3,Cliché
PzoLGmV1DRE,절대 친구가 없는 게 아니라 제가 솔랭전사라 그런 거거든요,2025-11-25,488888,9781,10,True,hanako_nana,하나코 나나,3,Cliché
sHjfv04-aHM,극내향인에게 리더를 시키면 일어나는 일ㅋㅋ,2025-11-24,77393,2373,10,True,hanako_nana,하나코 나나,3,Cliché
ksEurkN0QmA,1년 반 동안 방송하면서 깨달은 문제 해결 방법 [핫클립],2025-11-21,105936,3809,10,True,hanako_nana,하나코 나나,3,Cliché
HxsNFxiDIOQ,이거보고 웃으면 아 조 씨 #shorts #스텔라이브 #하나코나나,2025-11-20,139376,4903,10,True,hanako_nana,하나코 나나,3,Cliché
ZoPPqXiM-Ow,엣... 우소...,2025-11-18,100110,3221,10,True,hanako_nana,하나코 나나,3,Cliché
dvUEuWTar70,어디 한번 더 해봐 #매끈매끈하다 #매끈매끈한,2025-11-16,1122148,19691,10,True,hanako_nana,하나코 나나,3,Cliché
4UKXh7vFWoY,정신 나갈 것 같은 클리셰 단체 합방;;;,2025-11-15,90341,2521,10,True,hanako_nana,하나코 나나,3,Cliché
lZHyUw7LWSw,"수평선 (水平線, back number) / 하나코 나나 COVER",2025-11-13,1107354,13901,10,True,hanako_nana,하나코 나나,3,Cliché
bpFgYffYBqA,분명 키레네 코스프레를 하면 키레네가 잘 뜰거야. 너도 그렇게 생각하지?,2025-11-11,57471,1880,10,True,hanako_nana,하나코 나나,3,Cliché
v8gSvOk53oA,압력솥이 무서운 2000살 마룡 #shorts #스텔라이브,2025-11-10,140314,3129,10,True,hanako_nana,하나코 나나,3,Cliché
waKjN0bu4Yw,안녕하세요 후야님 저희 같이 이리하는 거 처음이죠...?,2025-11-09,153579,3770,10,True,hanako_nana,하나코 나나,3,Cliché
VpHgDl7OoPU,「요원 하나코 나나의 점심」오프닝 테마(?)  #animation #shorts #vtuber,2025-11-07,703587,15054,10,True,hanako_nana,하나코 나나,3,Cliché
JflYbSQ95go,무서운 공포게임도 둘이서라면 괜찮...을까?,2025-11-06,79383,2528,10,True,hanako_nana,하나코 나나,3,Cliché
5OoTNqt3mZ4,자고로포켓몬을플레이할땐남캐를예쁘게꾸며야하는법,2025-11-04,77466,2441,10,True,hanako_nana,하나코 나나,3,Cliché
0zcm1YfXJJs,송편에서 왜 빛이 나??,2025-11-02,163251,3365,10,True,hanako_nana,하나코 나나,3,Cliché
VTRr-RiGJL0,클리셰 모두를 경악하게 만들었던 합숙 날에 산 빤쮸 [스텔 합숙 썰풀이],2025-10-30,107163,3543,10,True,hanako_nana,하나코 나나,3,Cliché
m6hqfhc-Tf8,데헷⭐ #shorts #vtuber #스텔라이브,2025-10-29,227559,6508,10,True,hanako_nana,하나코 나나,3,Cliché
Wx73leKYivY,왜 검스보다 흰스가 많아요? 그건... [스텔라 소라],2025-10-28,54357,2080,10,True,hanako_nana,하나코 나나,3,Cliché
a-kccnLMliY,내가 차만 마시게 된 이유 [음료수 티어표],2025-10-26,112391,3132,10,True,hanako_nana,하나코 나나,3,Cliché
ubjTqhmF_R4,쌀먹의 최후 (2025) #animation #shorts #memes,2025-10-25,524123,12455,10,True,hanako_nana,하나코 나나,3,Cliché
B7XaydQF-JE,끝났다.. #animation #shorts #vtuber,2025-10-24,783112,15937,10,True,hanako_nana,하나코 나나,3,Cliché
WtaxOm1hYJI,일론 머스크에게 초청받는 나나 진짜예요??? [핫클립],2025-10-23,72587,2358,10,True,hanako_nana,하나코 나나,3,Cliché
RQnEO5Xj3ZA,내향인 발견♥ #shorts #vtuber,2025-10-22,311670,8862,10,True,hanako_nana,하나코 나나,3,Cliché
6gEc7lUi6xs,울려퍼져라 (Hibikase ヒビカセ) / 하나코 나나 x 텐코 시부키 COVER,2025-10-21,741769,13062,10,True,hanako_nana,하나코 나나,3,Cliché
FvLT1x1jc14,큰 힘에는 큰 책임이 따른다 #animation #shorts #vtuber,2025-10-20,366256,10533,10,True,hanako_nana,하나코 나나,3,Cliché
5iYsqcKaQuw,[4K] Enemy - Imagine Dragons x J.I.D / 하나코 나나 3D Live Cover,2025-10-19,213555,4953,10,True,hanako_nana,하나코 나나,3,Cliché
bcfky5c813c,부동산은 나튜브.,2025-10-18,201306,4859,10,True,hanako_nana,하나코 나나,3,Cliché
PsaEjPPALaE,요원의 습관✉️ #animation #shorts,2025-10-17,599819,10834,10,True,hanako_nana,하나코 나나,3,Cliché
_9NWpRtzpPM,고양이한테서 물건을 훔치면 바주카포를 쏩니다. 조심하세요.,2025-10-16,136285,3479,10,True,hanako_nana,하나코 나나,3,Cliché
D0DBLDv_HJM,JANE DOE (제인 도) [체인소맨 OST] | 불러보았다,2025-10-15,449875,13033,10,True,hanako_nana,하나코 나나,3,Cliché
YFURZ3uW4gk,인디 게임하다 나온 더빙 레전드 #shorts #vtuber,2025-10-14,147457,6071,10,True,hanako_nana,하나코 나나,3,Cliché
c_xvBZNKa9g,[4K] オドループ(Oddloop) - フレデリック(FREDERIC) / 하나코 나나 3D Live Cover,2025-10-13,1102441,15633,10,True,hanako_nana,하나코 나나,3,Cliché
fc8eV7D-ANs,[4K] テレパシ(텔레파시) - DECO*27 / 하나코 나나 3D Live Cover,2025-10-12,253851,4883,10,True,hanako_nana,하나코 나나,3,Cliché
Il07FqUFh08,3년동안 기다렸던 [숲속의 작은 마녀] 정식 발매! 제대로 즐겨보자!!,2025-10-11,49263,1728,10,True,hanako_nana,하나코 나나,3,Cliché
HglYgcfrTrs,テレパシ  (DECO*27) / 하나코 나나 3D Cover #스텔라이브 #live #하나코나나,2025-10-10,259375,9913,10,True,hanako_nana,하나코 나나,3,Cliché
Aiuddd0mCIs,두근두근 심장소리 ASMR [핫클립],2025-10-08,66342,2724,10,True,hanako_nana,하나코 나나,3,Cliché
w9QkBZXq5ug,⚠️요원 출몰 주의!⚠️ #animation #shorts,2025-10-07,750495,14862,10,True,hanako_nana,하나코 나나,3,Cliché
qqitwe9GIYI,의리 넘치는 낭만파 쌍칠아재의 시작과 끝 몰아보기! [추석특집],2025-10-05,190454,3403,10,True,hanako_nana,하나코 나나,3,Cliché
1wPdzEFPMMk,행복한 추석 보내세요!!🌕 #animation #shorts,2025-10-05,286867,8562,10,True,hanako_nana,하나코 나나,3,Cliché
xw4CWUhn_8Y,Enemy (Imagine Dragons x J.I.D) / 하나코 나나 3D COVER #스텔라이브 #live #하나코나나,2025-10-04,612217,16822,10,True,hanako_nana,하나코 나나,3,Cliché
lJGZzLd0TVM,부산 사투리 가득 담긴 토크 보러 올 사람?,2025-10-03,79275,2934,10,True,hanako_nana,하나코 나나,3,Cliché
qOih3rcLKA0,oddloop (FREDERIC) / 하나코 나나 3D Cover #스텔라이브 #live #하나코나나,2025-10-02,886574,21899,10,True,hanako_nana,하나코 나나,3,Cliché
oG9d8dnC5vM,1시간짜리 쇼츠(?) #밤양갱 #하나코나나 #shorts,2025-10-01,120693,4448,10,True,hanako_nana,하나코 나나,3,Cliché
coKuGJogKtA,당신도 홍차 한 잔 어때? #하나코나나 #マジック・メイド #重音テト,2025-09-30,194389,7937,10,True,hanako_nana,하나코 나나,3,Cliché
beYAPZb6zlU,어디보자.. 냉장고에 먹을 만한 게 있나 [만들자! 자취요리!],2025-09-29,222473,4458,10,True,hanako_nana,하나코 나나,3,Cliché
Pzu4zT7GMLM,요원의 사격실력👍 #shorts #스텔라이브,2025-09-28,281313,11190,10,True,hanako_nana,하나코 나나,3,Cliché
kPYFVoBapJU,피부가 너무 좋아졌어요 #animation #shorts,2025-09-27,403991,10106,10,True,hanako_nana,하나코 나나,3,Cliché
-kPUWcNSdEA,특 대 나 나.ver 3D #shorts #스텔라이브,2025-09-26,210563,6552,10,True,hanako_nana,하나코 나나,3,Cliché
F52NQTRn7SA,인생 첫 젤다 플레이인데 링크가 빤스만 입고 기다리고 있는 건에 대하여,2025-09-25,65612,2137,10,True,hanako_nana,하나코 나나,3,Cliché
Toqfu1jwi2U,나카마.. 다로?👊 #animation #shorts,2025-09-24,393895,7566,10,True,hanako_nana,하나코 나나,3,Cliché
49ehnRu_9SU,가소롭다🦒😏 #animation #shorts,2025-09-23,1734811,20625,10,True,hanako_nana,하나코 나나,3,Cliché
v8ZLFooeGj0,오타쿠는 아닌데 가볍게 이 정도는 봤어요,2025-09-22,105600,3079,10,True,hanako_nana,하나코 나나,3,Cliché
ntwMkKBFzJo,솜,2025-09-21,557695,10072,10,True,hanako_nana,하나코 나나,3,Cliché
8QjcSrJjDNI,젤다모리 장단🪘 #shorts #하나코나나,2025-09-20,147209,4083,10,True,hanako_nana,하나코 나나,3,Cliché
-rpkApYX0Ls,여태까지 나 실컷 괴롭혔으면서!!!!,2025-09-19,106321,2614,10,True,hanako_nana,하나코 나나,3,Cliché
xlXotzq2NqM,Summer (Paul Blanco Feat. BE′O) / 하나코 나나 COVER,2025-09-18,1410953,16986,10,True,hanako_nana,하나코 나나,3,Cliché
LAJak1cxang,🦒너 뭐 돼?😠 #animation  #shorts,2025-09-17,436248,9392,10,True,hanako_nana,하나코 나나,3,Cliché
nuuQHLEZnBc,겉으론 초절정 미소녀들로 보이지만...,2025-09-16,95896,2553,10,True,hanako_nana,하나코 나나,3,Cliché
L8uU2RlsA9k,[4K] 스텔라이브 하나코 나나! 3D 데뷔!,2025-09-15,198766,7010,10,True,hanako_nana,하나코 나나,3,Cliché
1MqrHTBjWsg,실제로 겪은 꿈속의 꿈  [무서운 이야기],2025-09-13,52612,2200,10,True,hanako_nana,하나코 나나,3,Cliché
o4B0LE-8VBQ,죽어💀 #animation #shorts,2025-09-12,376582,9513,10,True,hanako_nana,하나코 나나,3,Cliché
Qq5Y6Wsc4M8,머릿속에서 이상한 소리가 들려...,2025-09-10,130302,2909,10,True,hanako_nana,하나코 나나,3,Cliché
TAzbaY0LkMc,같이 하실?🤔 #animation #shorts,2025-09-08,830687,17640,10,True,hanako_nana,하나코 나나,3,Cliché
Fk-zbUYv1I4,그날 우리는 떠올렸다 사장님의 분노를...,2025-09-07,115709,2602,10,True,hanako_nana,하나코 나나,3,Cliché
vNQJssZ66Kc,오퍼레이션: 카모플라쥬 #animation #shorts,2025-09-06,381376,9620,10,True,hanako_nana,하나코 나나,3,Cliché
KXa67k-m0rk,아냐 아ㅑㄴ 이거 아니래!!!! [핫클립],2025-09-04,245983,5901,10,True,hanako_nana,하나코 나나,3,Cliché
LixAYmRgsWQ,역시 스텔라이브 장산범(?)🐯👻 #shorts,2025-09-02,316513,9854,10,True,hanako_nana,하나코 나나,3,Cliché
ScWg-ZfVuz8,집 냉동실에 만두 있는 사람들 모두 집합!!! [만들자! 자취요리!],2025-09-01,142861,3613,10,True,hanako_nana,하나코 나나,3,Cliché
Gv83gO0M3w0,요원의 아르바이트 #animation #shorts,2025-08-30,479369,11176,10,True,hanako_nana,하나코 나나,3,Cliché
IQJ31TfUU_o,내 차는 하늘을 날아.,2025-08-29,61508,1955,10,True,hanako_nana,하나코 나나,3,Cliché
tiCNcp8rzb0,🐰2025 하나코 나나 생일 한정 굿즈🔫 #스텔라이브 #하나코나나 #shorts,2025-08-28,130143,6066,10,True,hanako_nana,하나코 나나,3,Cliché
-Xabkk4S7QY,요리로 장난치면 안돼요~^^ #shorts #만들자요,2025-08-26,574534,14623,10,True,hanako_nana,하나코 나나,3,Cliché
JwP5H03PqPA,편의점 재료만으로 간단하고 맛있는 요리 만드는 방법!! [만들자! 자취요리!],2025-08-25,182955,4532,10,True,hanako_nana,하나코 나나,3,Cliché
1HfZohiKDl8,어려분채팅방에죄송하지만글하나만젇겠습니다 #memes #shorts,2025-08-24,239269,6660,10,True,hanako_nana,하나코 나나,3,Cliché
whlp_3lAr1M,하나코 나나의 비키니론 [핫클립],2025-08-23,94631,2598,10,True,hanako_nana,하나코 나나,3,Cliché
LBRtTNZMcrQ,내가... 내가 다 해야 해...?ㅠㅠㅠ,2025-08-21,125510,3072,10,True,hanako_nana,하나코 나나,3,Cliché
6g5e8GFU6ZA,분명 커플 같았는데..🤔 #shorts #만들자요,2025-08-20,205475,6068,10,True,hanako_nana,하나코 나나,3,Cliché
7juawSzaG0w,사장님 이게 뭐예요....???,2025-08-19,111785,3462,10,True,hanako_nana,하나코 나나,3,Cliché
eMUqxmNhfBw,그스그청 #shorts #페토x뿡댕,2025-08-18,147853,3361,10,True,hanako_nana,하나코 나나,3,Cliché
vbIRV2tnXHk,여기 간단하고 괜찮은 거 많더라 [만들자! 자취요리!],2025-08-16,159112,4129,10,True,hanako_nana,하나코 나나,3,Cliché
gkNTVNjPWHE,유니 선배 방송 켤 때까지 숨 참음 흡..!!😣,2025-08-14,174090,5944,10,True,hanako_nana,하나코 나나,3,Cliché
sk1Mz6HXVP4,??? : G컵은 엉덩이에나 차야 될 듯 [핫클립],2025-08-13,109808,3408,10,True,hanako_nana,하나코 나나,3,Cliché
inlVylachso,⛩️☁️클리셰 이름 외우기🔫⚔️,2025-08-12,400620,10787,10,True,hanako_nana,하나코 나나,3,Cliché
vU_NOXZPPdk,그날 내 세상이 무너졌어,2025-08-11,222148,5358,10,True,hanako_nana,하나코 나나,3,Cliché
vtvD0vtaRv0,바 나나가 아니었어?! #shorts #臙脂 #wigglypaint,2025-08-10,244392,6162,10,True,hanako_nana,하나코 나나,3,Cliché
BrcSco6_PjQ,중요한 건 꺾이지 않는 마음..,2025-08-09,63769,2016,10,True,hanako_nana,하나코 나나,3,Cliché
XIPvfvRvtRc,요원의 첫 번째 시크릿레시피✨【페토움바 파스타】,2025-08-08,64441,2700,10,True,hanako_nana,하나코 나나,3,Cliché
5u6yVIVXF60,죽는 게 나아 (Shinunoga E-Wa) [후지이 카제] / 하나코 나나 COVER,2025-08-07,836250,11129,10,True,hanako_nana,하나코 나나,3,Cliché
60Pw7vsJFTg,기이한 절망의 페토 드레싱 누들💀 [만들자! 자취요리!],2025-08-06,113713,2543,10,True,hanako_nana,하나코 나나,3,Cliché
KJzmhOkm4-E,걘 아니야 Pt.1 [지코 (ZICO)] / 하나코 나나 COVER,2025-08-05,1938133,17368,10,True,hanako_nana,하나코 나나,3,Cliché
jS8hDmC7r68,빙결의 신이시여... 이제는 그리워집니다,2025-08-04,85100,1795,10,True,hanako_nana,하나코 나나,3,Cliché
-gNQXPWwdyk,"키 작으면 얼마나 불편한데요?! 선반 위 물건 꺼내다가 담 걸리고, 티셔츠 사면 원피스 되고, 의자에 앉으면 발이 둥둥 뜨고, 바지는 항상 길이 수선하고… 이게 편한 거예요?!",2025-08-01,153243,3328,10,True,hanako_nana,하나코 나나,3,Cliché
b-J0GaisvWQ,나나 같은 딸 낳으시길🌟 #shorts #만들자요,2025-07-31,167249,3521,10,True,hanako_nana,하나코 나나,3,Cliché
xbn2U7yMrrY,맛있게 먹어 린아^^ [만들자! 자취요리!],2025-07-30,191750,3782,10,True,hanako_nana,하나코 나나,3,Cliché
0MPljP-e9m4,쮸규쥬붖뾰이ㅣㅣㅣㅣ쓰피오~ 쓰피오~!!! 쥬쿠쯔구쮸부씨ㅣㅣ!!! #매미 #성대모사,2025-07-29,135493,6708,10,True,hanako_nana,하나코 나나,3,Cliché
JgDOCfPkcV8,부키야 괜찮아 네 밑에는 항상 내가 있어!,2025-07-28,96678,2157,10,True,hanako_nana,하나코 나나,3,Cliché
IIqy2zUqXWg,문제없다 #animation #shorts #하나코나나,2025-07-26,284770,7718,10,True,hanako_nana,하나코 나나,3,Cliché
fffsmQlfLro,완전 뉴비의 마비노기 체험기!!!,2025-07-25,51836,1677,10,True,hanako_nana,하나코 나나,3,Cliché
0Hqv56d-B_o,새우초밥 만드는데 해부도 들고 오는 이과페토.. [만들자! 자취요리!],2025-07-24,281423,4878,10,True,hanako_nana,하나코 나나,3,Cliché
wDshrfD4qlI,무반주 열창 #shorts,2025-07-23,778591,20924,10,True,hanako_nana,하나코 나나,3,Cliché
eytKbXKMycY,이 페토를 위해 수없이 많은 생명이 희생되었도다..,2025-07-22,177563,3132,10,True,hanako_nana,하나코 나나,3,Cliché
iGtJF95SJrU,요원은 돈이 든다 #animation #shorts #하나코나나,2025-07-20,397105,10019,10,True,hanako_nana,하나코 나나,3,Cliché
rDb7U1vtRJg,너 자주포 맞고 싶어?,2025-07-19,118989,3093,10,True,hanako_nana,하나코 나나,3,Cliché
VlN4Vam1YS8,Hanako Nana New Outfit!! #스텔라이브 #하나코나나,2025-07-17,207583,9119,10,True,hanako_nana,하나코 나나,3,Cliché
1X4McvN2ufo,눈나미 넘치는 나나의 신의상 공개!!!,2025-07-16,63509,2607,10,True,hanako_nana,하나코 나나,3,Cliché
NFQassijSi4,요원의 브로콜리파 소탕 대작전 #animation #shorts #하나코나나,2025-07-15,211623,7192,10,True,hanako_nana,하나코 나나,3,Cliché
V8z9YUY2zpg,저는 나나에요~,2025-07-14,62988,2163,10,True,hanako_nana,하나코 나나,3,Cliché
ix6QqpUOUis,으잉~ #きゅっきゅっきゅニャー♪ #音mad #shorts,2025-07-13,73530,4728,10,True,hanako_nana,하나코 나나,3,Cliché
CKhYY42DtQg,"자, 이게 젓가락이야 한번 써보지 않을래?",2025-07-12,64973,2166,10,True,hanako_nana,하나코 나나,3,Cliché
i5ZEIsWt0Fk,Summertime [이터널 리턴 OST] / 하나코 나나 COVER,2025-07-11,428009,6588,10,True,hanako_nana,하나코 나나,3,Cliché
OoNGOjNeGwk,일단 멘탈은 확실하게 깨졌음 #스텔라이브 #하나코나나 #만들자요,2025-07-10,139338,4208,10,True,hanako_nana,하나코 나나,3,Cliché
Mt7WsVWt_LY,샘웨님 컨텐츠에 초대받아서 갔는데...,2025-07-09,44785,1699,10,True,hanako_nana,하나코 나나,3,Cliché
S_AhlL-8fkg,찰지구나 #스텔라이브 #하나코나나 #만들자요,2025-07-08,324677,7135,10,True,hanako_nana,하나코 나나,3,Cliché
jFk4DSeZDhQ,여고생들 왜 이러는 거야 진짜!!!! [만들자! 자취요리!],2025-07-07,389166,6853,10,True,hanako_nana,하나코 나나,3,Cliché
8vQfO5tT85k,Enemy [Imagine Dragons x J.I.D] / 하나코 나나 COVER,2025-07-06,2847451,28354,10,True,hanako_nana,하나코 나나,3,Cliché
oVpgAOoYoKU,똑바로 해라 #animation #shorts #하나코나나,2025-07-05,340419,9367,10,True,hanako_nana,하나코 나나,3,Cliché
_fabkIT1foQ,와.. [핫클립],2025-07-03,174831,5131,10,True,hanako_nana,하나코 나나,3,Cliché
p6tU6w270BM,신연경을 제물로 삼아 내일 나는 █████을 뽑는다. #shorts #붕스 #부두술,2025-07-01,112962,2939,10,True,hanako_nana,하나코 나나,3,Cliché
mRlSkmwS9YI,다 가져와! 내가 캐리해줄게!!,2025-06-30,85906,1982,10,True,hanako_nana,하나코 나나,3,Cliché
pT4ekbE5ZHg,이터니티를 쪽 빨아먹고 GOSU가 될 거얏!,2025-06-27,100813,2067,10,True,hanako_nana,하나코 나나,3,Cliché
haUXwyCsq8k,요원의 평범한 하루 #animation #shorts  #vtuber,2025-06-25,305431,11038,10,True,hanako_nana,하나코 나나,3,Cliché
R-lYINRbmpU,"그래, 린이 왔나. 내만 믿으라.",2025-06-24,134774,2926,10,True,hanako_nana,하나코 나나,3,Cliché
QhTKwUj7ilI,HANAKO NANA💛🔫 #音MAD #스텔라이브 #하나코나나,2025-06-22,256786,12681,10,True,hanako_nana,하나코 나나,3,Cliché
CUgoA0CJXdA,가끔(?)은 내 친구가 멀게 느껴진다 [핫클립],2025-06-21,255391,4866,10,True,hanako_nana,하나코 나나,3,Cliché
6qJprCJsjsk,누구의 잘못일까? #animation #하나코나나 #コぇちっちゃ＜てゴ×ンネ,2025-06-20,198668,5214,10,True,hanako_nana,하나코 나나,3,Cliché
pokxmF6Qk5g,1.단 쌀먹을 해 2.게 안되네,2025-06-18,226775,4223,10,True,hanako_nana,하나코 나나,3,Cliché
gF0n-NHilOk,Mission Impossible: NANA,2025-06-17,189366,6499,10,True,hanako_nana,하나코 나나,3,Cliché
wALDPBcJ-Tk,나 진짜 재능있을 지도ㅎㅎㅎㅎㅎ,2025-06-15,106050,2684,10,True,hanako_nana,하나코 나나,3,Cliché
Rm61fcyGoWg,요원의 동료를 건들면 이렇게 되는거야 #animation #하나코나나 #shorts,2025-06-12,280286,9144,10,True,hanako_nana,하나코 나나,3,Cliché
oCjym6B8o8o,가오쿠모 린씨가 공지를 남기는 방법ㅋㅋㅋㅋ [카페탐방 모음집],2025-06-11,288350,5201,10,True,hanako_nana,하나코 나나,3,Cliché
41lAtdaumPE,소리 질렀더니 죽어...? 씨익 씨익^^,2025-06-08,56279,2186,10,True,hanako_nana,하나코 나나,3,Cliché
-1f09Wo0pGo,마음에 안 드는 데이트 #하나코나나 #memes ＃無形有形,2025-06-07,438880,13628,10,True,hanako_nana,하나코 나나,3,Cliché
Z_In4TMk2iw,4주년에 키 얘기를 하는 게 맞아??? [달토끼 키우기 4주년! 이터널 리턴 콜라보],2025-06-05,61631,1744,10,True,hanako_nana,하나코 나나,3,Cliché
5coKSJabebo,밥.,2025-06-03,214326,3707,10,True,hanako_nana,하나코 나나,3,Cliché
_FuhRLObSU4,그만 좀 먹어 정나나!! [핫클립],2025-05-31,169514,5147,10,True,hanako_nana,하나코 나나,3,Cliché
bC1oj7_vrZc,난 괜찮아.. 너네 다 먹어..,2025-05-27,98603,2493,10,True,hanako_nana,하나코 나나,3,Cliché
hwfv8lMDuwE,바람펴봐 #shorts #animation #浮気したらあかんで,2025-05-26,270784,6995,10,True,hanako_nana,하나코 나나,3,Cliché
Pqnj-2GvavU,1000세는 눈물이 많아 #shorts #클리셰 #스텔라이브,2025-05-24,265873,7454,10,True,hanako_nana,하나코 나나,3,Cliché
sc3C3BjihhU,어라 [핫클립],2025-05-22,143469,3498,10,True,hanako_nana,하나코 나나,3,Cliché
HZMyNzpOtBs,아침에 내 기분 #shorts #memes #스텔라이브,2025-05-20,269710,8086,10,True,hanako_nana,하나코 나나,3,Cliché
RtBjqig_bhg,열심히 스펙업할게요...ㅠㅠㅠㅠ,2025-05-18,208335,3472,10,True,hanako_nana,하나코 나나,3,Cliché
KsxHL3Bc4I0,유니 선배가 내리갈굼 하는 법을 배워왔다...,2025-05-15,135262,3011,10,True,hanako_nana,하나코 나나,3,Cliché
Mgyu_pZOZTE,선배님들 지금 그게 무슨 소리에요?!?!!,2025-05-12,199923,3493,10,True,hanako_nana,하나코 나나,3,Cliché
L-GJ9pYICDM,Grand Escape [날씨의 아이 OST] / 하나코 나나 COVER (Feat. Cliché),2025-05-10,1311929,16964,10,True,hanako_nana,하나코 나나,3,Cliché
canQo8j40Wk,그게 맞긴 한데요......,2025-05-09,150275,4250,10,True,hanako_nana,하나코 나나,3,Cliché
6luRosnQA9M,나나와 함께하는 봄빛 데이트🌸 #나나 #스텔라이브 #봄빛데이트 #vtuber,2025-05-08,77263,3642,10,True,hanako_nana,하나코 나나,3,Cliché
Gl9eL3-cmOw,워든이 너무너무너무너무 무서워,2025-05-06,105304,2809,10,True,hanako_nana,하나코 나나,3,Cliché
xfUVZXWlmGk,아니요!!!! 아니에요!!!!!!!!,2025-05-04,355750,5379,10,True,hanako_nana,하나코 나나,3,Cliché
zDOBoOszEl8,공주님들 뭐 사줄까~? 수류탄사줘요~?,2025-05-01,78673,2312,10,True,hanako_nana,하나코 나나,3,Cliché
ccJ_1Vy0Ipk,짱돌 만드는 법 알려준다니까?!?!,2025-04-27,101112,2801,10,True,hanako_nana,하나코 나나,3,Cliché
bI2BqMVKy_4,2연속 대성공 #shorts #하나코나나 #마비노기모바일,2025-04-25,161761,2802,10,True,hanako_nana,하나코 나나,3,Cliché
3KRUYeoTpBU,우리 너무 잘 맞는다 시로 선배♥,2025-04-23,124513,3646,10,True,hanako_nana,하나코 나나,3,Cliché
D_gUxVexKVc,다라이보소 #shorts #하나코나나 #마비노기모바일,2025-04-21,244567,4775,10,True,hanako_nana,하나코 나나,3,Cliché
0bFvgrwTc6Q,용서못해 [핫클립],2025-04-19,198731,4340,10,True,hanako_nana,하나코 나나,3,Cliché
8x6k5hs5PvM,가챠는 적당히.. #きょういくばんぐみのテーマ #shorts,2025-04-18,232594,6720,10,True,hanako_nana,하나코 나나,3,Cliché
D0dqXq6BmKU,야채먹자~^^,2025-04-17,113496,2632,10,True,hanako_nana,하나코 나나,3,Cliché
q1btvUUSlb0,힐사용료를걷겠어요 #shorts #스텔라이브 #마비노기모바일,2025-04-15,114808,2876,10,True,hanako_nana,하나코 나나,3,Cliché
vT3xY5UE4Q4,모니터링 [モニタリング - DECO*27] / 하나코 나나 COVER,2025-04-14,1440961,16246,10,True,hanako_nana,하나코 나나,3,Cliché
-Wc0171uZkI,세상에서 가장 귀여운 훈타들 [몬스터 헌터 와일즈 핫클립],2025-04-10,74344,2205,10,True,hanako_nana,하나코 나나,3,Cliché
SNA5OgXtqzs,진짜 지금이 진입 타이밍이에요 스토리 싹 밀고 완매나 나찰 공짜로 주는 거 받고 가챠 30개 공짜로 받고 천천히 플레이하세요,2025-04-07,68287,2087,10,True,hanako_nana,하나코 나나,3,Cliché
W2ecaPrr70I,스텔라이브 사랑과 전쟁(?) [스텔 마크 핫클립],2025-04-05,129296,3000,10,True,hanako_nana,하나코 나나,3,Cliché
xS_yV1gzI-8,타비가 나나의 XXX를 XXX거리고 나나가 유니의 XX을... [핫클립],2025-04-02,143043,3580,10,True,hanako_nana,하나코 나나,3,Cliché
dHquwp45yEc,이게 용사 집이야 돼지우리야??,2025-03-30,228710,4247,10,True,hanako_nana,하나코 나나,3,Cliché
zafyofOlodM,제발 제 집에서 다 나가주세요,2025-03-27,366303,4692,10,True,hanako_nana,하나코 나나,3,Cliché
VXHKUuMYug8,"역시,, 주말 등.산이 최고죠~!! 타부장님!@^^",2025-03-24,220658,3214,10,True,hanako_nana,하나코 나나,3,Cliché
64wZ_odWifs,"열차에 타라, 세무사 [핫클립]",2025-03-20,125623,3329,10,True,hanako_nana,하나코 나나,3,Cliché
t57sGJ4JPQA,가끔은 전여친이 그립다 #memes #스텔라이브 #하나코나나,2025-03-19,235790,10850,10,True,hanako_nana,하나코 나나,3,Cliché
pX0PGU1gDfI,여우신의 뼈는 이렇게 생겼구나,2025-03-16,295193,3874,10,True,hanako_nana,하나코 나나,3,Cliché
whx9mIAx2zA,군만두 하니까 생각난 교자 하니까 생각난 붕어빵 하니까 생각난 떡볶이 하니까 생각난 순대 하니까 생각난 국밥 하니까 생각난 고기국수 하니까 생각난 김치 하니까 생각난...,2025-03-13,125503,3371,10,True,hanako_nana,하나코 나나,3,Cliché
hOht2KqidbA,롤 4D로 즐기기 #스텔라이브#롤 #하나코나나,2025-03-11,135109,4717,10,True,hanako_nana,하나코 나나,3,Cliché
rJxjAM2fDqE,"신사 여러분, 강의 시간입니다. 자리에 착석해 주세요.",2025-03-09,262018,5506,10,True,hanako_nana,하나코 나나,3,Cliché
iOKZpu8wHKw,모르고 봐도 재밌다 뉴비의 스타레일 개척기,2025-03-06,126546,3007,10,True,hanako_nana,하나코 나나,3,Cliché
q_CwRbRfuNo,대머리로 고성능 그래픽카드 성능 확인하기😜,2025-03-03,38666,1472,10,True,hanako_nana,하나코 나나,3,Cliché
ZMQFxQJyduo,어딘가 이상한 루크 #레이튼 #스텔라이브 #하나코나나,2025-03-01,79200,3016,10,True,hanako_nana,하나코 나나,3,Cliché
YuMCv3Ltk-w,천재인가 바보인가 알 수 없는 퍼즐 실력,2025-02-27,63949,1894,10,True,hanako_nana,하나코 나나,3,Cliché
DvGNg5jhTqY,"리듬 타는 나나, 안 반할 수 있어? #스텔라이브 #멜라토닌 #하나코나나",2025-02-25,211322,10466,10,True,hanako_nana,하나코 나나,3,Cliché
VhfUyBVJbHQ,【※차덕후 시청주의】나나의 드림카를 찾습니다.,2025-02-23,116743,3141,10,True,hanako_nana,하나코 나나,3,Cliché
JTMAVnFAff0,Beyond the way / [하나코 나나 x 유즈하 리코 x 아오쿠모 린] COVER,2025-02-20,1928091,22847,10,True,hanako_nana,하나코 나나,3,Cliché
ljII4tAItaU,선배라도 용서 못해요 [핫클립],2025-02-18,279315,5331,10,True,hanako_nana,하나코 나나,3,Cliché
wRNotC73l2A,주말엔 치킨이지 #vtuber #스텔라이브 #shorts,2025-02-16,123436,4843,10,True,hanako_nana,하나코 나나,3,Cliché
-npiiLXjhTI,난.. 슬플 땐 RAP을 해. #shorts  #드르렁 #스텔라이브,2025-02-15,82867,4609,10,True,hanako_nana,하나코 나나,3,Cliché
rjg9JxYsf6M,하마코 교향곡 제7번 '커억' #스텔라이브 #vtuber #하나코나나,2025-02-14,323132,14606,10,True,hanako_nana,하나코 나나,3,Cliché
bEi61Jq5cj8,새근새근 스르르 (※드르렁 컥컥 아님),2025-02-14,443270,10162,10,True,hanako_nana,하나코 나나,3,Cliché
_ypwWch6zLA,나도 멋진 여성이 될 수 있을까..?,2025-02-13,116639,2947,10,True,hanako_nana,하나코 나나,3,Cliché
58LI1DPvBfo,비즈니스석은 밥도 알아서 줘요! [스텔라이브 일본 여행],2025-02-10,176567,3566,10,True,hanako_nana,하나코 나나,3,Cliché
8Q-uf36R1Fg,괜찮아~ 딩딩딩딩딩 #memes #괜찮아 #shorts,2025-02-07,153619,7490,10,True,hanako_nana,하나코 나나,3,Cliché
diu-w6HIRLU,팰은 가족이야!!,2025-02-06,97620,2453,10,True,hanako_nana,하나코 나나,3,Cliché
kwUCi0xh7HE,유니 선배님 뿔에 테니스 공 딱 한번만..!! #vtuber #스텔라이브 #하나코나나,2025-02-05,57637,2359,10,True,hanako_nana,하나코 나나,3,Cliché
sMeeCQ9UehU,마음이 정말 넓으시네요 교수님 [사니양 연구실],2025-02-04,57715,2228,10,True,hanako_nana,하나코 나나,3,Cliché
Kj_ij6cqsNE,교배라고 해주시면 안 될까요.. #스텔라이브 #하나코나나 #팰월드,2025-02-03,55289,2127,10,True,hanako_nana,하나코 나나,3,Cliché
lL7LGtNqZGk,??: 엄마 여기가 어디에용?,2025-02-02,178884,3209,10,True,hanako_nana,하나코 나나,3,Cliché
qiHE8ptR0SU,"스텔라이브의 매력, 제가 알려드릴게요🌟",2025-01-31,152032,3760,10,True,hanako_nana,하나코 나나,3,Cliché
2CPgTpE3Zxc,냥빨... 왜 팰월드에서도 어려운 건데?!,2025-01-28,114955,2634,10,True,hanako_nana,하나코 나나,3,Cliché
YC-QnlIEbJU,비행정 [飛行艇 - King Gnu] / 하나코 나나 COVER,2025-01-27,3973309,29748,10,True,hanako_nana,하나코 나나,3,Cliché
PE4h4kflmmg,아는형님식 가오 충전하는 법  #스텔라이브 #하나코나나 #겟투워크,2025-01-26,114426,4974,10,True,hanako_nana,하나코 나나,3,Cliché
WtOwWa2ji70,검정 스타킹의 절묘한 라인이 비쳐 보이려면  30~60데니아 정도가 좋습니다. 【애니 여캐 이상형 월드컵】,2025-01-24,206968,4987,10,True,hanako_nana,하나코 나나,3,Cliché
70PS4Te3MVM,헤르타님께서 저를 부르셔유!,2025-01-23,61323,1726,10,True,hanako_nana,하나코 나나,3,Cliché
QMhL6rDRpDg,나 개발잔데 이거 보고 패치했다 #vtuber #스텔라이브#하나코나나 #팰월드,2025-01-23,71747,2836,10,True,hanako_nana,하나코 나나,3,Cliché
1a6LRw_TkVU,그걸 뒤집으면 어떡해..!!! 페순아!!!,2025-01-20,636046,8539,10,True,hanako_nana,하나코 나나,3,Cliché
xEQP1TbMIj0,팰권운동가도 처음에는.. #vtuber #스텔라이브#하나코나나 #팰월드,2025-01-18,92591,3439,10,True,hanako_nana,하나코 나나,3,Cliché
V16QXujmPnQ,보호받을 권리가 있다!!!,2025-01-17,125390,2710,10,True,hanako_nana,하나코 나나,3,Cliché
DXQXgj-e8LQ,너 사람 잘못 건든 거야 [레데리2 핫클립],2025-01-14,41392,1430,10,True,hanako_nana,하나코 나나,3,Cliché
o1BUdy8QbnI,형님을 이렇게 대하는 게 맞니 상인아 [칠쌍파 구스구스덕],2025-01-12,128746,3226,10,True,hanako_nana,하나코 나나,3,Cliché
AYBwPbueKBY,미연시라매!! 미연시라매!!! [미사이드 절망편]  #vtuber #스텔라이브 #하나코나나,2025-01-11,159692,6931,10,True,hanako_nana,하나코 나나,3,Cliché
UlU2hvPGpQw,미타쨩 좋다능! [미사이드 희망편]  #vtuber #스텔라이브#하나코나나,2025-01-11,186602,7085,10,True,hanako_nana,하나코 나나,3,Cliché
K_BCoyvH9Ek,내가 시로 선배랑.. 연인..?,2025-01-10,84899,2320,10,True,hanako_nana,하나코 나나,3,Cliché
rij1SOq2_0s,이 편지.. 받아줄래? [핫클립],2025-01-08,62088,2280,10,True,hanako_nana,하나코 나나,3,Cliché
jANE3y2Q6T8,소녀.. 꽃단장을 하였사옵니다  #스텔라이브 #vtuber #하나코나나,2025-01-07,70339,4746,10,True,hanako_nana,하나코 나나,3,Cliché
nekGT5n7ga0,아!! 먹는다고!!! 몇 번을 말해!!,2025-01-06,154080,3864,10,True,hanako_nana,하나코 나나,3,Cliché
vgOeb8S87Ks,배그 4D로 즐기기 #스텔라이브  #vtuber #배틀그라운드 #하나코나나,2025-01-05,146782,6292,10,True,hanako_nana,하나코 나나,3,Cliché
Xjh47gcubzM,즐거웠어... 내 가족들.. [봉누도 마지막화],2025-01-03,150479,3787,10,True,hanako_nana,하나코 나나,3,Cliché
ypibAiYxe8A,그래 무습나.. [봉누도] #스텔라이브 #봉누도 #vtuber #쌍칠아재,2025-01-01,338594,8619,10,True,hanako_nana,하나코 나나,3,Cliché
VgYrhG9miiE,그 남(?)녀(?)의 사랑일지 [봉누도],2025-01-01,347165,6001,10,True,hanako_nana,하나코 나나,3,Cliché
JzsvbE5_dJg,길동아 다신 운전대 잡지마라 [봉누도] #스텔라이브 #봉누도 #쌍칠아재 #vtuber,2025-01-01,234987,6454,10,True,hanako_nana,하나코 나나,3,Cliché
JCJyXMJMLRM,シル・ヴ・プレジデント (실・부・프레지던트) / 하나코 나나 COVER,2024-12-31,1033289,10955,10,True,hanako_nana,하나코 나나,3,Cliché
RSutqWojPYI,오구라 유나 알긴 알지예... [봉누도] #스텔라이브 #봉누도 #쌍칠아재 #vtuber,2024-12-31,844474,17426,10,True,hanako_nana,하나코 나나,3,Cliché
jVx8VltkFNw,화려한 메이드카페 데뷔 [봉누도],2024-12-29,185947,3763,10,True,hanako_nana,하나코 나나,3,Cliché
nI1p72yZ-Zo,ㅈ대뿐네... / 보스가 힘을 숨김 [봉누도] #봉누도 #스텔라이브 #gta #vtuber,2024-12-27,1008576,21920,10,True,hanako_nana,하나코 나나,3,Cliché
2C5N25yb1Zg,너희는 갱에 왜 들어왔니 [봉누도],2024-12-25,244989,4399,10,True,hanako_nana,하나코 나나,3,Cliché
oCFihPhpR4o,린민택시는 할 말은 해 #스텔라이브 #봉누도 #애니메이션 #animation #vtuber,2024-12-23,324498,0,10,True,hanako_nana,하나코 나나,3,Cliché
r7KScngBMx4,뭐야? 너거들 대체 무슨 사이야? [봉누도],2024-12-22,194487,3838,10,True,hanako_nana,하나코 나나,3,Cliché
vI3TH2XR0NY,그게 러닝의 방식입니까 [봉누도],2024-12-20,331030,5579,10,True,hanako_nana,하나코 나나,3,Cliché
LX9FDGVcLII,라이브 맞습니다. 아이도루의 고난이도 랩 커버 | 김하온 - 꼴통 (feat. 창모) #스텔라이브 #vtuber #랩,2024-12-19,603401,19750,10,True,hanako_nana,하나코 나나,3,Cliché
xFdEbUJwTnw,사녹 신모드 나왔대 부키야 캐리해줘잉,2024-12-17,103585,2355,10,True,hanako_nana,하나코 나나,3,Cliché
Xlm7OogG6As,칠쌍파? 보스? 저 택시기산데요? [봉누도],2024-12-16,651698,7769,10,True,hanako_nana,하나코 나나,3,Cliché
PIcwo1gg-rs,네가 왜 거기서 나와 [봉누도],2024-12-13,303827,5125,10,True,hanako_nana,하나코 나나,3,Cliché
H4T4ihraPic,하나코 나나(Hanako Nana) - Born To Run [봉누도 Official Sound Track],2024-12-12,1463187,13208,10,True,hanako_nana,하나코 나나,3,Cliché
vbPluf99Hbk,"쌍칠아재, 그 시작을 알려드립니다. [봉누도]",2024-12-11,262853,4511,10,True,hanako_nana,하나코 나나,3,Cliché
bQ4tPqLMuFg,스텔라이브 짱돌의 계보 [핫클립],2024-12-08,141172,3628,10,True,hanako_nana,하나코 나나,3,Cliché
9DvfVqb0Fg8,나나는 도망가고싶어 #버튜버 #vtuber #meme #animation #스텔라이브 #vtuber,2024-12-06,167828,0,10,True,hanako_nana,하나코 나나,3,Cliché
NLXflToIxkQ,길고양이 함부로 만지지 말랬는데..! #shorts #스텔라이브 #버튜버 #vtuber,2024-12-04,209330,9358,10,True,hanako_nana,하나코 나나,3,Cliché
ft6DRikTZXk,선후배 관계없는 진또배기 한판승부,2024-12-03,96766,2228,10,True,hanako_nana,하나코 나나,3,Cliché
fsFuO2ykXKE,아이돌 토크의 신세계를 들여다보다,2024-12-02,100752,2659,10,True,hanako_nana,하나코 나나,3,Cliché
YoyPaxIsJY4,레전드 범벅 스텔라이브 단체 좀보이드 탈출! [스텔 좀보이드 핫클립],2024-12-01,71338,1881,10,True,hanako_nana,하나코 나나,3,Cliché
oKUkLoO5MXk,파이널 데스티네이션 in 봉누도 #vtuber #shorts #gta5,2024-11-27,276916,10644,10,True,hanako_nana,하나코 나나,3,Cliché
_C4t1yi0WDQ,神っぽいな(신 같네) / 하나코 나나 COVER,2024-11-26,2042806,19301,10,True,hanako_nana,하나코 나나,3,Cliché
v6cOD7VIc3Q,정말 사이가 좋은 우리 3기생,2024-11-24,96609,2070,10,True,hanako_nana,하나코 나나,3,Cliché
C8oQ8UDYCLQ,딸이 생겼어요!,2024-11-20,49544,1523,10,True,hanako_nana,하나코 나나,3,Cliché
e5FbsihG27Y,나나가 캐리해줄게!!! 치유의 노래🩸 #vtuber #shorts #memes #animation,2024-11-17,235041,10830,10,True,hanako_nana,하나코 나나,3,Cliché
BBqTeKd185o,고마 자리에 앉아보이소,2024-11-15,142121,3221,10,True,hanako_nana,하나코 나나,3,Cliché
qjIv09e_CMs,그러니까... 말실수예요 [핫클립],2024-11-12,122971,3360,10,True,hanako_nana,하나코 나나,3,Cliché
dCZPGzYG_GQ,나나는토끼! 총총총총총🐰 #마루는강쥐 #vtuber #스텔라이브 #버튜버 #memes,2024-11-08,237428,9768,10,True,hanako_nana,하나코 나나,3,Cliché
G1Dlr64-aWI,뚝배기를 까버려요!,2024-11-07,51258,1492,10,True,hanako_nana,하나코 나나,3,Cliché
9M2Uaf9v-Fc,손들어! 🔫🤠 #shorts #vtuber,2024-11-05,225139,11093,10,True,hanako_nana,하나코 나나,3,Cliché
EelRmhc1Q6g,리제선배 너무해 #shorts #vtuber,2024-11-04,108816,5062,10,True,hanako_nana,하나코 나나,3,Cliché
DD3MIWFmjCU,이런 식으로 인정 받고 싶지 않았어,2024-11-02,49961,1649,10,True,hanako_nana,하나코 나나,3,Cliché
2sUtBm_ABKE,사장님을 둘로 만들어!!!,2024-10-29,104473,2870,10,True,hanako_nana,하나코 나나,3,Cliché
rhcNzbz74jA,토끼가 외로우면... #vtuber #shorts #うさぎさん,2024-10-24,61505,3782,10,True,hanako_nana,하나코 나나,3,Cliché
FQ1j33iZMlA,한 판 승부... 어때...,2024-10-23,55900,1802,10,True,hanako_nana,하나코 나나,3,Cliché
nxmEggeiNg8,이래서 큰 사람은 안된다고 하는거야,2024-10-18,225625,3970,10,True,hanako_nana,하나코 나나,3,Cliché
vturpJLzBis,AI도 겁먹게 만드는 마법의 주문 #vtuber #shorts #ai,2024-10-15,49591,2586,10,True,hanako_nana,하나코 나나,3,Cliché
NCJw1JXn50s,임마 그냥 담궈버려,2024-10-14,139739,3093,10,True,hanako_nana,하나코 나나,3,Cliché
uOFLLzMyht4,스텔학력고사 문제를 풀어봤습니다,2024-10-11,149110,3007,10,True,hanako_nana,하나코 나나,3,Cliché
76KyB7G1lJU,인생 최대 난관 봉착 [티니핑 이름 맞추기],2024-10-08,32736,1307,10,True,hanako_nana,하나코 나나,3,Cliché
qpBCZ6kYVb4,サムライハート(Some Like It Hot!!) / 하나코 나나 COVER,2024-10-05,3308778,22159,10,True,hanako_nana,하나코 나나,3,Cliché
QO0FAdpUwrg,뭔가 기분나빠요,2024-10-02,107479,3164,10,True,hanako_nana,하나코 나나,3,Cliché
NRsg74f-6rQ,착한 어린이들은 들어오면 안돼요,2024-09-26,71376,2221,10,True,hanako_nana,하나코 나나,3,Cliché
Onft884L60U,"스텔라이브 암살, 시작합니다.",2024-09-22,163077,2960,10,True,hanako_nana,하나코 나나,3,Cliché
omQxtGi1tBA,페토의 특별임무 #shorts #vtuber  #스텔라이브,2024-09-21,69346,3864,10,True,hanako_nana,하나코 나나,3,Cliché
aZf_FdFIMSE,즐거운 추억이 가득했던 멋봉리...안녕... [멋봉리서버],2024-09-19,20431,922,10,True,hanako_nana,하나코 나나,3,Cliché
FVwTpTLo6Yw,하트 하나만 줘 BABY #shorts #ハート111 #heart111 #vtuber,2024-09-17,202057,10669,10,True,hanako_nana,하나코 나나,3,Cliché
KalwqHYsvtI,진짜 의미를 모르겠는 싸움,2024-09-14,231933,4272,10,True,hanako_nana,하나코 나나,3,Cliché
K0ElXyLbfYs,마이타케마이타케구루구루구루구루 #vtuber #스텔라이브 #まいたけダンス,2024-09-12,106834,5901,10,True,hanako_nana,하나코 나나,3,Cliché
rhuBXRQrxXc,저도 아예 없진 않아요;,2024-09-10,157493,4396,10,True,hanako_nana,하나코 나나,3,Cliché
-gas3oDva0g,방송용 중장비 BBONG #shorts #vtuber,2024-09-05,96359,5077,10,True,hanako_nana,하나코 나나,3,Cliché
7yo9iX6mfbA,파라오 광신도가 된 내 친구 [멋봉리서버],2024-09-04,168110,3334,10,True,hanako_nana,하나코 나나,3,Cliché
1VyE3y7lYfI,선배를 쏠 순 없잖아요 #shorts #vtuber,2024-09-03,72627,3780,10,True,hanako_nana,하나코 나나,3,Cliché
T7ieQ_pdLGI,몸매 #shorts #vtuber,2024-09-02,42413,2104,10,True,hanako_nana,하나코 나나,3,Cliché
wWSKz4Tv858,다 터트려 우리 집도 남의 집도 [멋봉리서버],2024-09-01,108411,2060,10,True,hanako_nana,하나코 나나,3,Cliché
Wf_Hzjmd0xg,"내가 무슨 갱을 대표해, 자기야 [MILLION DOLLAR BABY] 하나코 나나 Shorts cover",2024-09-01,786372,24272,10,True,hanako_nana,하나코 나나,3,Cliché
vM_XT3MeLrc,푸른 산호초 (青い珊瑚礁) ㅣ 하나코 나나 COVER,2024-08-30,989704,10407,10,True,hanako_nana,하나코 나나,3,Cliché
kQSd56mv2oo,선배님들 사랑합니다 [멋봉리서버],2024-08-28,111965,2217,10,True,hanako_nana,하나코 나나,3,Cliché
h6FA2OwEsS8,거 좋은 말 할 때 문 좀 열어주세요🎭 #openthedoor #meme #나나,2024-08-25,107674,5454,10,True,hanako_nana,하나코 나나,3,Cliché
zsG79ZCQ54A,미소녀에게는 돈을 아끼지않아,2024-08-24,61701,1724,10,True,hanako_nana,하나코 나나,3,Cliché
wku7PnAHZgk,그 곳에 이미 내가 알던 동료는 없었다 [멋봉리서버],2024-08-19,132626,2264,10,True,hanako_nana,하나코 나나,3,Cliché
ZBYrqMusaYs,'그 긴거' [멋봉리서버],2024-08-16,159705,3086,10,True,hanako_nana,하나코 나나,3,Cliché
zNpF--1h-L4,울프님 그럼 롤 잘하세요? [멋봉리서버],2024-08-08,480825,4863,10,True,hanako_nana,하나코 나나,3,Cliché
X-pnkNPXhmE,NPC에게 정중하게 인사박기　[멋봉리서버],2024-08-05,92034,2047,10,True,hanako_nana,하나코 나나,3,Cliché
QkWWPMMc2_c,나나도 랜쿼드를 돌리면...!,2024-08-01,76170,2050,10,True,hanako_nana,하나코 나나,3,Cliché
MrQk06Qm78I,페토랑 같이 How sweet !  #vtuber #스텔라이브 #howsweet,2024-07-31,110931,5357,10,True,hanako_nana,하나코 나나,3,Cliché
8WZAouGYX-g,이 X냥이가,2024-07-27,70069,1995,10,True,hanako_nana,하나코 나나,3,Cliché
vTXwg2YbnZY,쿠모린이 돈갚아야겠제,2024-07-20,143293,2735,10,True,hanako_nana,하나코 나나,3,Cliché
vH5wu72uTKg,나도 잘하고 싶은데...!,2024-07-16,119391,2642,10,True,hanako_nana,하나코 나나,3,Cliché
QQJ4bpCbt80,오리꽥꽥병아리삐약삐약,2024-07-14,558478,15765,10,True,hanako_nana,하나코 나나,3,Cliché
-6_QTgHLrTQ,앗... 좋아요...!,2024-07-13,92840,2258,10,True,hanako_nana,하나코 나나,3,Cliché
svVsC9N1-iM,어라 뭐더라,2024-07-09,130104,2865,10,True,hanako_nana,하나코 나나,3,Cliché
alfe4zDAt9o,나나가 처음으로 사귄 친구 #vtuber #스텔라이브 #shorts,2024-07-07,122932,7181,10,True,hanako_nana,하나코 나나,3,Cliché
H1aeO_whQMc,🤸‍♀️🤸‍♀️기리기리댄스🤸‍♀️🤸‍♀️,2024-07-04,182604,7347,10,True,hanako_nana,하나코 나나,3,Cliché
sWUpTBUi86A,두근두근 스텔라이브 서버 입성!,2024-07-03,138712,3140,10,True,hanako_nana,하나코 나나,3,Cliché
CYabOFaAEQM,4x9=27 ...?,2024-06-30,533961,12434,10,True,hanako_nana,하나코 나나,3,Cliché
TKNnd0ggf_A,신사적인 미소녀 토크,2024-06-29,163477,3947,10,True,hanako_nana,하나코 나나,3,Cliché
Q_nR1YxMrUM,시카노코노코노코코시탄탄,2024-06-28,417940,15599,10,True,hanako_nana,하나코 나나,3,Cliché
5o2iVj0wKhE,나나의 방종은 누구도 막을 수 없어 #shorts #vtuber #스텔라이브,2024-06-26,865826,19691,10,True,hanako_nana,하나코 나나,3,Cliché
RA4c6lRR13o,땀 흘리며 진검승부! 지는 쪽이 개가 되는 걸로,2024-06-25,61846,1933,10,True,hanako_nana,하나코 나나,3,Cliché
eZ8fZ-crSe8,슈파도파의 늪에서 빠져나갈 수 없어 #shorts #SUPADOPA #슈파도파,2024-06-23,498328,17275,10,True,hanako_nana,하나코 나나,3,Cliché
w0LunsBKaF4,역시 선배님들은 클라스가 다르시구나,2024-06-22,396296,6436,10,True,hanako_nana,하나코 나나,3,Cliché
Z0Iqw_kzpwQ,가 되어보았...는데 대선배들이 좀 이상하다,2024-06-18,42255,1554,10,True,hanako_nana,하나코 나나,3,Cliché
8c7Asg7NbLI,가라사대 맛있게 말아주는 버튜버 / 하나코 나나 Shorts Cover #vtuber #cover,2024-06-15,1173307,37470,10,True,hanako_nana,하나코 나나,3,Cliché
2noPGHkNhsk,공포게임 보스랑 랩하면서 맞짱뜨기,2024-06-14,119173,3035,10,True,hanako_nana,하나코 나나,3,Cliché
xnuu9b_i7Gw,"어...어른의 놀이라니, 잠시만...!",2024-06-11,59140,2070,10,True,hanako_nana,하나코 나나,3,Cliché
IMcLA3kYKmI,요원이니까 인텔리전트하게 깨는 모습을 보여드리겠... 어?,2024-06-07,57427,2025,10,True,hanako_nana,하나코 나나,3,Cliché
XgKWVaiACgE,데뷔방송부터 노래 잘못틀어서 사장님께 혼났다,2024-06-04,262553,7341,10,True,hanako_nana,하나코 나나,3,Cliché
BlqyG0rW4F8,[ 당신의 연인이 되고 싶어 / ChoQMay ] 하나코 나나 Short cover #vtuber #shorts,2024-05-30,471778,20559,10,True,hanako_nana,하나코 나나,3,Cliché
RisaNpEcAtI,Step Back Challenge! 많이 기다렸나요? 하나코 나나 Shorts Cover #vtuber #shorts,2024-05-23,2068456,60246,10,True,hanako_nana,하나코 나나,3,Cliché
j_1GomMh08E,[ 죽지마! / 콧치노 켄토 ] 하나코 나나 Short cover #vtuber #shorts,2024-05-20,462085,21578,10,True,hanako_nana,하나코 나나,3,Cliché
v7UNI2YuqFc,가짜 얼굴(yama) /하나코 나나 COVER,2024-05-17,3058873,23306,10,True,hanako_nana,하나코 나나,3,Cliché
fLLX2R-RwVE,숨바꼭질 [ かくれんぼㅣAliA ] / 유즈하 리코 Yuzuha Riko cover,2026-04-13,158135,16124,10,True,yuzuha_riko,유즈하 리코,3,Cliché
cWnykOC5b_c,phony [포니 / ツミキ] / 유즈하 리코 Yuzuha Riko cover,2026-03-26,302115,12404,10,True,yuzuha_riko,유즈하 리코,3,Cliché
lBtlpVXmbYY,밤을 달리다 夜に駆ける - YOASOBI / 유즈하 리코 Yuzuha Riko cover,2026-01-25,450564,12732,10,True,yuzuha_riko,유즈하 리코,3,Cliché
qao2gYtY7bs,히로인 (back number - ヒロイン) / 유즈하 리코 (Yuzuha Riko) cover,2025-12-25,1673371,22678,10,True,yuzuha_riko,유즈하 리코,3,Cliché
n8qrkNbEyEU,리코 삐질게~!🎵💘 #shorts #리코 #스텔라이브 #challenge,2025-12-02,386114,12319,10,True,yuzuha_riko,유즈하 리코,3,Cliché
eYaX9aDtlmA,목마름을 외치다 (美波 - カワキヲアメク) / 유즈하 리코 (Yuzuha Riko) cover,2025-11-27,1231336,19826,10,True,yuzuha_riko,유즈하 리코,3,Cliché
Ip25Jhh5zU0,IRIS OUT (요네즈 켄시) / 유즈하 리코(Yuzuha Riko) cover,2025-11-09,688906,13319,10,True,yuzuha_riko,유즈하 리코,3,Cliché
_UuQ4o2jF1Y,나나야 우리 노래부르는건데 왜 그래 [용사님의 듀엣모험],2025-11-08,168900,4448,10,True,yuzuha_riko,유즈하 리코,3,Cliché
nknH0KshgpY,숙명 (Official髭男dism - 宿命) / 유즈하 리코 (Yuzuha Riko) cover,2025-10-25,840544,12269,10,True,yuzuha_riko,유즈하 리코,3,Cliché
gBq4IXVgEuE,Henceforth - Orangestar / 유즈하 리코 (Yuzuha Riko) 3D cover,2025-10-11,212418,9271,10,True,yuzuha_riko,유즈하 리코,3,Cliché
QgqiJKX0yq0,[4K] Henceforth - Orangestar / 유즈하 리코 (Yuzuha Riko) cover,2025-10-11,390552,7898,10,True,yuzuha_riko,유즈하 리코,3,Cliché
DOF6t9kQv7A,No title - REOL / 유즈하 리코 (Yuzuha Riko) 3D cover,2025-10-08,113615,4901,10,True,yuzuha_riko,유즈하 리코,3,Cliché
P51Wh7FO28I,[4K] No title - REOL / 유즈하 리코 (Yuzuha Riko) cover,2025-10-08,143376,3932,10,True,yuzuha_riko,유즈하 리코,3,Cliché
xn1sosP6kKw,[4K] 네모네모(NEMONEMO) - YENA(최예나) / 유즈하 리코 (Yuzuha Riko) cover,2025-10-05,349197,6004,10,True,yuzuha_riko,유즈하 리코,3,Cliché
Tejq1P1TF-M,미소녀무죄♡파이레츠 (美少女無罪♡パイレーツ) / 유즈하 리코 (Yuzuha Riko) cover,2025-09-21,447899,9390,10,True,yuzuha_riko,유즈하 리코,3,Cliché
WICzT2lsQa8,POP IN 2 (최애의 아이 OST) - 유즈하 리코 x 아야츠노 유니 x 아카네 리제 Cover,2025-08-30,810848,14121,10,True,yuzuha_riko,유즈하 리코,3,Cliché
qCUeBAUMv80,체리 팝 (チェリーポップ) / 유즈하 리코 (Yuzuha Riko) cover,2025-08-14,638718,10367,10,True,yuzuha_riko,유즈하 리코,3,Cliché
cu9oCSWGFIM,걘 아니야 Pt.2 [페노메코 (PENOMECO)] / 유즈하 리코(Yuzuha Riko) cover,2025-08-05,1944016,16663,10,True,yuzuha_riko,유즈하 리코,3,Cliché
sYMuaP_jEFU,여우신부터 치웠습니다 [용사님의 듀엣모험],2025-08-02,195429,4587,10,True,yuzuha_riko,유즈하 리코,3,Cliché
2sHTwC8MdWQ,답장 아직이려나💦❓ #vtuber #shorts #리코 #memes,2025-07-10,283434,7926,10,True,yuzuha_riko,유즈하 리코,3,Cliché
Hmsw_bjbSKM,에겐녀 테토녀 어느 쪽이 더 취향이야? #vtuber #shorts #리코 #스텔라이브,2025-07-09,280948,11810,10,True,yuzuha_riko,유즈하 리코,3,Cliché
ZJ7TFaFyYwc,도쿄 섄디 랑데부 (トウキョウ・シャンディ・ランデヴ) / 유즈하 리코(Yuzuha Riko) cover,2025-07-06,1148353,11898,10,True,yuzuha_riko,유즈하 리코,3,Cliché
apj5_-osMd4,Henceforth / 유즈하 리코(Yuzuha Riko) cover,2025-06-07,1051126,16952,10,True,yuzuha_riko,유즈하 리코,3,Cliché
dZCimnYNcaE,리코 몰래 Lead Control #vtuber #shorts #リードコントロール,2025-05-28,173738,5624,10,True,yuzuha_riko,유즈하 리코,3,Cliché
KApMRXX-RWE,메이드 카페 쳐들어가서 강제로 듀엣 시키기 [용사님의 듀엣모험],2025-05-16,142388,3829,10,True,yuzuha_riko,유즈하 리코,3,Cliché
TFyJDf3rpN8,리코와 함께하는 봄빛 데이트🌸 #리코 #스텔라이브 #봄빛데이트 #vtuber,2025-05-09,66356,3275,10,True,yuzuha_riko,유즈하 리코,3,Cliché
cwJGf5KblFk,제멋대로인 여자아이 #無形有形 #vtuber #shorts #스텔라이브,2025-05-08,107685,3739,10,True,yuzuha_riko,유즈하 리코,3,Cliché
ZPtO9l2zdHA,리코가 팝송 부를 수 있는 이유.. 빨간약 주의 #vtuber #shorts #스텔라이브,2025-05-02,271860,10098,10,True,yuzuha_riko,유즈하 리코,3,Cliché
bUVDCyNJmJc,고양이 냥 #vtuber #shorts #스텔라이브,2025-04-23,216728,8319,10,True,yuzuha_riko,유즈하 리코,3,Cliché
3Pf6UAHh8Js,용사가 좋아하는건!?💚 #vtuber #shorts #aiscream,2025-04-17,213065,5381,10,True,yuzuha_riko,유즈하 리코,3,Cliché
EPRYt6d8oEY,증표(シルシ) / 유즈하 리코(Yuzuha Riko) cover,2025-04-13,1417787,13436,10,True,yuzuha_riko,유즈하 리코,3,Cliché
Oml9K52XwaE,듀엣 곡을 같이 불러줄 사람을 찾아 떠나는 모험! [용사님의 듀엣모험],2025-03-26,52782,2584,10,True,yuzuha_riko,유즈하 리코,3,Cliché
y84L-0bz4zo,ラビットホール(래빗 홀) / 유즈하 리코(Yuzuha Riko) cover,2025-03-11,1260139,16230,10,True,yuzuha_riko,유즈하 리코,3,Cliché
HVBL6xHcMRY,心予報(마음 예보) / 유즈하 리코(Yuzuha Riko) cover,2025-02-14,820037,9574,10,True,yuzuha_riko,유즈하 리코,3,Cliché
TqQFF_wLlR4,모니터링 (モニタリング - DECO*27) / 유즈하 리코(Yuzuha Riko) cover,2025-02-06,1342533,12952,10,True,yuzuha_riko,유즈하 리코,3,Cliché
PBh8a0GaNFs,절대적대완전싫어 / 유즈하 리코(Yuzuha Riko) x 텐코 시부키(Tenko Shibuki) cover,2025-01-28,2190864,19177,10,True,yuzuha_riko,유즈하 리코,3,Cliché
EtkolJZEmpg,꽃의 탑 (花の塔/さユり) / 유즈하 리코(Yuzuha Riko) cover,2025-01-10,1029428,9914,10,True,yuzuha_riko,유즈하 리코,3,Cliché
gXJMNur50m8,크리스마스송(クリスマスソング/back number) / 유즈하 리코(Yuzuha Riko) cover,2024-12-25,922394,12488,10,True,yuzuha_riko,유즈하 리코,3,Cliché
cGjgCLuyAro,주름맞추기 (しわあわせ / Vaundy)  / 유즈하 리코(Yuzuha Riko) cover,2024-12-13,1671065,14557,10,True,yuzuha_riko,유즈하 리코,3,Cliché
c6G7vRuJyhs,경화수월(鏡花水月)  / 유즈하 리코(Yuzuha Riko) cover,2024-11-21,2140207,16148,10,True,yuzuha_riko,유즈하 리코,3,Cliché
MMnvooxV7aE,Bunny Girl - AKASAKI #shorts #vtuber #스텔라이브 #리코,2024-11-14,33186,2186,10,True,yuzuha_riko,유즈하 리코,3,Cliché
J49wnPBsyrU,케세라세라 (Mrs. GREEN APPLE)  / 유즈하 리코(Yuzuha Riko) cover,2024-11-01,2662839,19096,10,True,yuzuha_riko,유즈하 리코,3,Cliché
lMramdxCfao,🍂 우리 계절을 넘어 춤출까? 🌸 | '봄꿈' - 네네코 마시로  #vtuber #스텔라이브 #리코 #마시로,2024-10-31,151728,10049,10,True,yuzuha_riko,유즈하 리코,3,Cliché
l_v3YONSpfc,내 이름 맑음 Cover by 유즈하리코 #vtuber #리코 #스텔라이브,2024-10-26,323983,15897,10,True,yuzuha_riko,유즈하 리코,3,Cliché
dglNAGJiDT8,톤데모 원더즈『トンデモワンダーズ』  / 유즈하 리코(Yuzuha Riko) cover,2024-10-18,1165483,13592,10,True,yuzuha_riko,유즈하 리코,3,Cliché
7CQuc6Jf4UE,GETCHA! (Giga & KIRA) - 유즈하 리코 x 아오쿠모 린 (Yuzuha Riko x Aokumo Rin) Cover,2024-10-04,1992136,19794,10,True,yuzuha_riko,유즈하 리코,3,Cliché
C_BFxd5bIQ0,DUET COVER [Teaser] / Aokumo Rin x Yuzuha Riko,2024-10-03,19146,1366,10,True,yuzuha_riko,유즈하 리코,3,Cliché
9RV3MfRO9o8,너는 어떤색이 좋아? What's your favorite Color?💕 #vtuber #스텔라이브#리코,2024-09-27,32753,2826,10,True,yuzuha_riko,유즈하 리코,3,Cliché
boePd6psiSc,맑은 날(ヨルシカ - 晴る)  / 유즈하 리코(Yuzuha Riko) cover,2024-09-26,34231,3101,10,True,yuzuha_riko,유즈하 리코,3,Cliché
_CHLS8WUKRI,찌릿찌릿 귀여운 노래! ボルテッカー(볼트태클) 를 불러보았다 #vtuber #리코 #스텔라이브,2024-09-25,66043,5102,10,True,yuzuha_riko,유즈하 리코,3,Cliché
Rr2GjXAgJ9E,맑은 날(ヨルシカ - 晴る)  / 유즈하 리코(Yuzuha Riko) cover,2024-09-23,1561754,12247,10,True,yuzuha_riko,유즈하 리코,3,Cliché
5ZCwb_eDGt8,青い珊瑚礁(푸른 산호초) Cover by 유즈하리코 #vtuber #리코 #스텔라이브,2024-09-14,150493,9627,10,True,yuzuha_riko,유즈하 리코,3,Cliché
1Tifeyj4Xxo,HELP!! - Kobo Kanaeru 유즈하 리코 COVER #vtuber #리코 #스텔라이브,2024-09-09,231248,14268,10,True,yuzuha_riko,유즈하 리코,3,Cliché
ZuD0vRF0Qbo,[Re: 제로] 에밀리아의 노래 ' Stay Alive ' cover,2024-08-29,83156,6112,10,True,yuzuha_riko,유즈하 리코,3,Cliché
battw0U1ILw,리코와 치코의 기리기리 댄스 ギリギリダンス!!  #네기꺼이 #기리기리댄스 はいよろこんで,2024-08-28,56888,3609,10,True,yuzuha_riko,유즈하 리코,3,Cliché
JFqmgH7rMiQ,바이올렛 에버가든 OST - 이정표 (みちしるべ) cover,2024-08-16,76450,6388,10,True,yuzuha_riko,유즈하 리코,3,Cliché
uzU2B8ZJkCk,청아하게 불러본 ' 4월은 너의 거짓말 ED - 오렌지 オレンジ ' cover,2024-08-08,200114,11617,10,True,yuzuha_riko,유즈하 리코,3,Cliché
BfUAlVIUFJo,자다깨니 야자수 🌴 (寝起きヤシの木) 리코 cover,2024-08-06,39347,3495,10,True,yuzuha_riko,유즈하 리코,3,Cliché
tHvVRWIDysI,그래도 날 사랑해줄래? ' Small girl (feat.도경수) - 이영지 ',2024-08-01,279195,11617,10,True,yuzuha_riko,유즈하 리코,3,Cliché
CtXv2_NBBOU,괴수의 꽃노래 (怪獣の花唄) / 유즈하 리코(Yuzuha Riko) cover,2024-07-21,2359660,21209,10,True,yuzuha_riko,유즈하 리코,3,Cliché
Q7dByiolRu4,영어 못하는 사람이 'JVKE - golden hour''를 불러보았다,2024-07-19,147990,7594,10,True,yuzuha_riko,유즈하 리코,3,Cliché
dFnr46d4PdQ,리코도 '티라미수케익' 춤출게요,2024-07-15,99561,5841,10,True,yuzuha_riko,유즈하 리코,3,Cliché
aHu9BUZzpzQ,리코의 리코리스 리코일 ED '꽃의 탑(花の塔)' cover,2024-06-30,116468,7802,10,True,yuzuha_riko,유즈하 리코,3,Cliché
slC6z5G0L34,사랑하는 너에게 하고싶은 말 'back number -瞬き' cover,2024-06-22,145495,8929,10,True,yuzuha_riko,유즈하 리코,3,Cliché
7OJH4T6vYdo,'HAPPY' 차노을 랩을 불러보았다,2024-06-10,614700,24145,10,True,yuzuha_riko,유즈하 리코,3,Cliché
R_vLA8DICFE,바다속에서 '심해소녀'를 불러보았다,2024-06-09,141306,9388,10,True,yuzuha_riko,유즈하 리코,3,Cliché
OiDo3oxgU0Y,감정을 담아 ' love wins all '을 불러보았다,2024-06-08,107349,7424,10,True,yuzuha_riko,유즈하 리코,3,Cliché
qaPHqJJzer8,고백하는 마음으로 '고민중독'을 불러보았다,2024-06-06,346765,17319,10,True,yuzuha_riko,유즈하 리코,3,Cliché
UjCR40bYkA0,센치하게 'overdose'를 불러보았다,2024-06-04,501387,24141,10,True,yuzuha_riko,유즈하 리코,3,Cliché
Hq03T2GbgZ0,청량하게 '푸르름이 사는곳'을 불러보았다 (Where our blue is),2024-06-04,251811,13736,10,True,yuzuha_riko,유즈하 리코,3,Cliché
tUYvmHiJh24,감정을 담아 '만찬가'를 불러보았다,2024-06-03,480978,22840,10,True,yuzuha_riko,유즈하 리코,3,Cliché
DghyoVReN5Y,사람을 한강에 빠뜨려 보신 적 있어요?,2024-05-22,245582,8939,10,True,yuzuha_riko,유즈하 리코,3,Cliché
7_hog9cS1T8,꽁꽁 얼어붙은 한강 위로 고양이가 걸어다닙니다,2024-05-21,150364,7796,10,True,yuzuha_riko,유즈하 리코,3,Cliché
EuAeFVhEgWc,유즈하 리코,2024-05-20,504307,18842,10,True,yuzuha_riko,유즈하 리코,3,Cliché
lfxl4YlY0lE,용사(YOASOBI) / 유즈하 리코(Yuzuha Riko) cover,2024-05-17,2178993,17043,10,True,yuzuha_riko,유즈하 리코,3,Cliché
